-2.4136,-2.4136,-2.1273,-1.0872,-2.002,-2.0571,-2.3804,-0.37454,-2.6652,-1.9709,-1.5023,-1.0415,-1.1938,-0.66632,-0.32795,-1.9539,-2.0163,-2.4823,-2.5069,-2.0568,-2.0714,-2.2034,-2.3936,-2.3444,-1.7594,-2.2179,-2.9902,-2.2939,-1.5975,-2.0378,-1.2385,-0.71084,-0.13879,-0.33168,-0.23881,-0.77572,0.13188,-0.73844,-0.56184,-0.75699,-0.13716,0.52003,2.4509,4.3819,2.2419,2.464,0.37332,1.0269,-0.29843,1.2035,1.6706,-0.23182,1.4191,-1.4833,-0.49446,1.5478,-0.051466,0.5754,-0.91864,-0.76343,-0.60823,-0.28792,0.11506,0.90386,1.7092,3.1497,2.5069
1.1919,0.83788,0.99262,1.0079,0.98717,1.5021,1.8338,1.6946,1.7969,2.123,2.0068,1.7795,1.5788,1.4936,1.4517,1.7496,1.5442,1.4009,0.9194,-0.072536,0.074351,0.15975,-0.12633,-0.35824,-0.50973,-0.26503,-0.33535,-0.55374,-0.62242,-0.57165,-0.86185,-1.0984,-0.85293,-1.377,-1.2321,-1.1528,-1.188,-1.8228,-1.2954,-1.3026,-0.98359,-1.0811,-0.327,-0.27925,-0.869,-0.98569,-0.27438,-0.732,-0.81668,-0.27812,-0.8188,-0.80727,-0.7242,-0.77194,-0.66468,-1.1973,-1.1352,-1.1248,-0.70639,-1.076,-0.21609,-0.86106,-1.1252,-0.82742,-1.0286,-0.85617,-0.4951
-0.70493,-2.0792,-1.3609,-1.087,-0.67712,-0.82316,-0.097086,0.4027,0.97056,1.8923,1.9728,1.6453,1.8218,2.0453,2.1266,1.7293,1.8112,1.6414,1.1343,1.2229,0.98759,0.84257,1.2483,0.438,0.50671,0.3217,-0.093118,-0.12531,7.76e-05,0.19059,0.32636,0.026938,-0.27248,-0.58176,-0.35965,-0.88667,-0.46823,-0.7118,-1.0145,-0.19034,0.059252,0.24358,-1.273,-0.65972,0.063222,0.78617,-1.0908,-0.09088,-0.81031,-0.21196,-0.55384,-0.070907,-0.50218,-0.27979,-0.75773,-1.051,-0.82002,-1.2254,-1.0638,0.0022702,-0.55012,-1.3795,-1.1586,-1.7061,-0.88796,-0.12048,-1.0892
0.85206,0.85206,0.48068,1.2244,1.1063,0.7116,0.37857,0.61425,0.31521,0.94245,1.3811,1.7237,1.1578,0.95254,1.1405,1.0691,0.29201,0.56265,0.44141,0.13859,-0.32038,-0.8947,-1.4375,-0.27189,-0.39454,-0.58598,-0.24558,-0.26715,-0.27694,-0.17276,0.45115,-0.15139,-0.15749,-0.21172,-0.2607,-0.5319,-0.30792,0.18497,-0.11568,0.048487,0.24662,0.12902,0.047491,0.18231,0.28549,-0.33267,0.33417,-0.60624,0.50441,0.68738,0.1248,0.0024791,-0.36691,0.19191,-0.54011,-0.88537,-0.28238,-1.1228,0.057495,-1.2244,-0.70267,-0.37122,-0.00048823,-0.96435,-0.70407,0.063766,-0.14513
-1.9868,-1.9868,-2.2682,-1.3798,-1.1039,-1.438,-2.0672,-0.15707,-2.014,-1.876,-1.2586,-1.4587,-1.1726,-1.341,-0.69743,-1.7264,-1.2496,-1.4514,-2.0707,-0.76565,-1.6316,-1.9165,-2.1173,-2.0117,-1.7068,-1.5365,-1.723,-1.4495,-1.9226,0.62893,-0.68229,-0.39613,-1.0947,-0.18731,-1.1139,0.66527,0.21631,1.219,-0.98095,-0.15436,-0.98227,-1.1414,-0.071442,2.2467,0.96755,1.4545,0.37004,-0.72574,2.0479,1.3282,1.171,0.47653,1.2807,-0.94912,-0.22367,0.062741,-0.70935,-0.21647,-0.86244,-1.8782,-1.1618,-0.025695,-0.072342,2.0625,1.2496,2.2094,2.0985
-0.8867,-0.8867,-0.68009,-0.67996,-0.58966,-1.3176,-1.4993,0.49257,-0.13538,0.052022,-0.64774,-0.16103,-0.79184,-0.18931,0.52096,-0.25717,-1.3614,-1.139,-0.91667,-0.97629,-0.93868,-0.90106,-0.50981,-0.11855,-0.43929,-0.85169,-0.24159,-0.013814,0.40963,-0.46583,0.81972,-0.11187,0.48078,-0.8474,0.29285,0.53213,-0.48093,-0.64367,-0.80641,0.21108,-0.027832,0.68536,1.3986,0.86425,1.1385,0.66928,1.5192,1.1251,0.80923,1.0853,1.0853,1.3614,-1.0268,-0.22075,-0.52523,-0.73948,-1.0625,-0.41503,0.15121,-2.26,-0.4707,-0.17512,-0.16907,0.082684,-0.048929,0.52812,0.84301
0.64832,0.43602,0.79059,0.42406,0.65672,0.62852,0.30979,-0.066658,0.028038,-0.0012934,-0.17424,-0.067358,0.031903,-0.27124,-0.092049,-0.08464,-0.31225,-0.67853,-0.55105,0.3258,-0.6467,0.38765,-0.35876,0.11034,0.81395,0.68631,0.11196,0.038194,-0.17764,-0.036754,0.044473,0.043398,-0.17833,-0.19423,-0.21012,-0.13525,-0.17766,-0.55718,-0.1887,-0.99935,0.036782,0.88103,0.63513,0.40501,0.67278,1.1274,0.72615,1.0065,0.55665,0.15001,0.14037,0.3674,0.21137,0.23151,-0.42887,0.49874,0.047493,0.25171,0.10702,0.53987,-0.24837,-0.4135,-0.16222,-0.39306,-0.053513,-0.54026,-0.16554
-0.32279,-0.79346,-0.72282,-1.1507,-1.2593,-1.1293,-1.7204,-1.8905,-1.8289,-1.2071,-1.13,-1.4441,-1.406,-1.1594,-1.1599,-1.2878,-0.85163,-0.92525,-0.78914,-1.3369,-1.5664,-1.2087,-1.6093,-1.7531,-1.758,-1.6204,-1.8012,-1.9443,-2.1064,-2.1235,-2.0531,-1.8445,-2.1241,-1.9314,-1.9622,-1.713,-1.7509,-1.6296,-1.3865,-1.7515,-1.3763,-0.94793,-1.2154,-1.3163,-1.4855,-1.7739,-1.1058,-1.9344,-1.5353,-1.0951,-1.7092,-1.4659,-1.2541,-1.5393,-1.5075,-1.3383,-1.5323,-0.76116,-0.020631,0.57796,1.0511,1.4428,1.2072,1.5685,1.9109,1.7449,1.5213
-0.069034,-0.18394,-0.02828,-0.13774,0.12556,-0.21558,0.0017499,0.12929,0.24287,0.63981,0.40237,0.40662,0.15063,0.15215,0.14147,-0.19719,0.20878,-0.13148,-0.064293,-0.34702,-0.54298,-0.19474,-0.17629,-0.054122,-0.2888,-0.12788,-0.39578,-0.28255,-0.025016,-0.24937,-0.14185,-0.069857,-0.16354,0.23455,-0.11701,0.090021,0.2295,0.061575,0.45688,-0.10238,-0.40101,0.61004,-0.40584,-0.033854,-0.28712,-0.19406,0.28715,-0.49796,-0.022418,-0.057104,-0.36582,0.1451,0.061618,-0.24755,-0.1786,-0.38381,-0.20762,-0.27126,-0.51839,-0.13506,0.12527,-0.43346,-0.50942,-0.26633,-0.51828,-0.26074,-0.37401
1.7041,1.8747,1.8469,1.8104,1.1238,0.1259,-0.55907,-0.57938,-0.89706,-1.2972,-1.0144,-1.0812,-1.0233,-1.7548,-1.5643,-1.1526,-1.1662,-1.4734,-1.7848,-1.2443,-1.3413,-1.0939,-0.82571,-0.29206,0.37389,1.3597,1.2938,1.3131,1.1505,1.2632,1.272,0.24459,-0.39706,-0.57466,-0.57151,0.17653,-0.66009,-0.19674,-0.32741,-0.39637,-0.096182,1.7248,0.35585,0.88099,1.2095,1.2444,0.020539,-0.5298,-1.678,-1.7146,-1.5665,-1.9254,-1.8469,-1.4551,-1.6434,-1.0967,-0.66374,-0.22166,0.094707,-0.30854,-0.37435,-0.45343,-0.28868,-0.7843,-0.75041,-1.216,-1.1882
0.76868,-0.21184,-0.32656,-0.41049,-0.20312,-0.11329,-0.12857,-0.11606,-0.44389,-0.9379,-1.3936,-1.0953,-1.3064,-1.2164,-1.1536,-1.3992,-1.6931,-1.0689,-0.16305,-0.10155,-0.41908,-0.29622,0.09419,-0.33307,-0.70419,-0.11177,-0.6779,-0.17989,-0.1991,0.20969,-0.39661,0.015904,0.46081,0.12791,0.35239,-0.62447,-0.38836,-0.20154,0.13395,0.40891,0.40764,0.95212,1.6186,1.2757,0.35081,1.3936,1.5762,0.43461,0.85024,1.1195,0.2055,0.7659,0.8684,0.25124,0.087774,0.78011,-0.071356,0.72555,0.509,0.38863,0.37246,0.67872,0.7621,0.98892,0.827,1.1689,1.3387
0.2882,0.14301,0.10456,0.031489,-0.47443,-1.3925,-0.95084,-0.54172,-0.1512,0.37662,-0.099098,0.48453,0.38623,0.59078,1.1853,0.95441,0.8696,0.63247,0.56959,0.45126,0.69515,0.377,0.50912,-0.013856,-0.070347,0.04814,-0.48875,-0.92991,-0.88146,-0.64689,-0.92191,-0.59671,-1.2852,-0.56711,-0.92428,-0.29056,-0.76345,-0.29696,-0.39967,-0.2115,-0.20226,0.22421,0.95084,0.1496,0.14013,-0.18272,-0.18151,-0.49091,-0.028129,0.074607,0.41344,0.010169,0.038606,-0.01261,-0.40884,-0.26832,-0.50691,0.066736,-0.154,0.16754,-0.48262,-0.46387,-0.17471,-0.074028,-0.25349,0.019562,-0.33976
-1.0929,-0.91009,-0.68839,-1.1579,-0.82155,-0.87085,-1.1592,-0.8752,-1.3274,-0.89042,-1.2844,-1.4814,-0.85368,-0.90676,-0.38053,-0.17139,0.024829,-0.96378,0.7904,1.139,0.50164,0.9393,0.92841,0.22611,0.11776,-0.36376,-0.26271,-0.35503,-0.57727,-0.36866,-0.48736,-0.21585,-0.19226,-0.061446,-0.076865,-0.7414,-0.36495,-0.018025,0.14851,0.42884,0.59554,0.5845,1.2844,1.2138,0.73256,1.0909,1.255,0.70656,1.5455,1.2547,0.99707,0.72069,1.1712,0.37922,0.19798,0.24502,0.22166,0.18994,-0.095416,0.59481,-0.0084864,-0.10619,0.54324,0.18295,-0.21862,0.56438,0.056216
1.0383,0.2384,0.25322,0.43235,0.13806,-0.20083,-0.78366,-0.95044,-1.0193,-1.0178,-0.63114,-0.87582,-0.86224,-0.81143,-0.87757,-0.22123,0.17753,-0.22969,0.08306,0.46933,0.38112,0.049227,0.10417,0.15811,0.43423,0.24945,0.73518,0.70645,0.6122,0.95044,0.91927,0.34765,0.36423,0.12215,0.43811,0.19228,0.14751,0.075229,-0.046261,0.38853,0.40512,-0.93357,0.82418,0.61047,0.73109,0.49783,0.77821,0.80774,0.77068,0.53868,0.53874,0.42763,0.22279,0.31254,0.23791,0.51284,0.57368,0.77841,0.81271,0.7597,0.56297,0.72847,0.044544,0.18676,0.77498,0.84801,0.64087
0.79654,0.79654,0.19217,0.25064,-0.0023328,-0.57239,-0.41862,-0.012436,0.061014,0.7246,0.83937,0.25637,0.98318,0.53365,1.1494,0.95203,0.81112,0.96108,0.35758,0.37055,0.3609,0.38829,0.20285,0.072681,0.072681,-0.057484,-0.46564,-0.63337,-0.72015,-0.99099,-0.8614,-0.70259,-0.19979,-0.67502,-0.14168,-0.90841,-0.71264,-1.4372,-0.92343,-0.43721,-0.1913,-0.1209,0.1386,0.4549,0.2925,0.76749,1.1157,0.56012,1.0077,0.7104,0.095359,0.82634,-0.025537,-0.15937,1.445,-0.46573,-0.50229,-1.0328,-0.56184,-1.4292,-0.51421,0.018195,-0.56573,-0.11346,-0.53487,-0.57904,-0.57167
-0.92416,0.34503,0.46339,0.054019,-0.49312,-0.68012,-0.6076,0.046346,0.54221,0.88922,0.92416,0.79849,0.20079,0.088082,-0.066115,0.093432,-0.0099844,0.27632,-0.13145,-0.041605,-0.51534,-0.45023,-0.53657,-0.41406,-0.51433,-0.43952,-0.65969,-0.91048,-1.0322,-0.87225,-0.75726,-0.67392,-0.48601,-0.38306,-0.6045,0.18718,-0.23782,0.11746,0.22454,-0.20606,-0.11118,0.43186,1.0913,0.89715,0.57425,0.37172,0.01781,-0.11217,0.30315,-0.15237,0.45202,-0.3263,0.065016,0.048368,0.088538,-0.5158,0.084493,-0.1175,0.056459,0.4107,-0.48971,0.1505,0.082105,-0.31592,-0.43316,-0.12317,-0.32649
-1.1672,-1.7126,-1.6554,-1.4652,-1.1602,-1.123,-0.95153,-0.88201,-1.2872,-0.90098,-1.0597,-1.0854,-0.93481,-1.1836,-1.1219,-1.0486,-1.5018,-1.4058,-1.5593,-1.3074,-1.1843,-1.155,-1.0168,-1.4954,-2.3546,-1.447,-1.6251,-0.8271,-0.63545,-1.482,-0.75782,-0.033646,-0.42,-0.43549,-0.23526,0.20482,-0.27888,0.24711,0.57668,0.66629,1.7126,0.61898,1.0584,1.7736,0.50219,-0.43234,-0.45302,-0.58706,-0.12609,0.11232,-0.21105,0.60579,1.6127,1.6636,0.46178,0.24919,-0.79895,-0.61636,-1.4925,-1.428,-0.72378,-0.97478,-0.68977,-0.51189,-0.52137,-0.16611,-0.42504
-0.35729,-0.084509,-0.060481,-0.023302,-0.11728,-0.30366,-0.64268,-0.64261,-0.61904,-1.1333,-0.96099,-0.6286,-0.172,0.013034,0.23979,0.34349,0.74624,0.19296,0.94985,0.76341,0.66906,0.71507,0.68982,0.3927,0.58348,0.2245,0.30963,-0.1958,-0.13551,-0.49592,-0.20629,-0.54629,-0.7911,-0.035432,-0.69728,0.099294,-0.43888,0.29843,-0.30871,0.54046,0.002901,-0.021115,0.82328,0.54876,0.23497,-0.19695,-0.26886,0.1844,0.65887,-0.083733,-0.07622,-0.037757,0.42983,0.45043,-0.091441,0.23497,0.00069982,-0.21945,-0.35468,0.18657,0.23417,0.34441,0.31164,0.35195,0.28313,0.1874,0.32175
1.4722,1.6017,1.4278,1.649,1.7895,1.8393,1.6361,0.80407,0.93668,1.1654,1.0509,0.96071,1.0575,1.2652,0.99737,0.64265,0.678,0.90718,0.27453,-0.64408,-0.33433,-0.62829,-0.4346,-0.76594,-0.86214,-0.78559,-1.1795,-1.1596,-1.2705,-1.3963,-1.4379,-1.2215,-1.6083,-1.0367,-1.0969,-1.0974,-1.0794,-1.4034,-1.3233,-1.1387,-0.66889,-1.0143,-0.65966,-0.43888,-1.3073,-0.84892,-0.020203,-0.73923,-0.3391,0.21062,-0.85773,-0.31073,-0.45876,-0.52561,-0.58512,-0.92074,-1.0148,-0.97594,-1.3113,-0.18203,-0.76702,-0.18941,-0.65547,-0.69265,-0.69102,-0.75352,-0.94771
0.1601,0.26107,0.085753,-0.056741,0.25745,0.55457,0.18899,0.58959,0.2652,0.41329,-0.090736,0.72859,0.11301,0.47743,0.48982,0.62691,0.5315,-0.35691,-0.40685,0.23623,0.085749,0.10585,-0.16687,0.053813,-0.26314,-0.33078,-0.19978,-0.35137,-0.3028,-0.46376,-0.34914,-0.51974,-0.75528,-0.5453,-0.86923,-0.64909,-0.79896,-0.20315,-0.83497,-0.24974,0.14542,0.69921,0.33382,0.78979,0.56323,1.2369,0.49819,0.72104,0.79896,0.080972,0.49211,0.26936,-0.010204,0.045892,0.34325,-0.26938,-0.19252,-0.20404,-0.62513,0.14396,0.37969,1.1889,0.14998,0.34409,-0.27789,0.46302,0.61948
0.42977,0.47878,0.41436,0.77763,0.86338,0.76412,-0.083471,-0.12856,-0.3306,-0.16304,0.022385,-0.074515,-0.062659,-0.27928,-0.14454,-0.17796,-0.12019,-0.18244,-0.13939,-0.18946,-0.27912,-0.33488,-0.34373,0.014504,-0.037387,-0.29586,-0.11886,-0.19044,-0.15117,0.08311,0.12559,-0.64168,-0.47072,-0.86739,-0.34758,-0.77763,-0.64129,-0.44412,-0.8085,-0.031378,-0.22625,0.8178,-0.054869,0.32064,0.12981,0.42327,0.11629,0.013251,-0.073776,-0.02325,0.37832,0.37359,-0.10121,-0.035141,0.095015,-0.55432,-0.16265,-0.36232,0.11913,-0.16029,-0.41121,0.58427,-0.055652,0.12159,0.40051,0.13342,0.38216
1.7059,2.1431,2.2635,2.4573,2.4543,2.4029,1.9483,1.4501,1.0876,0.33548,0.27629,0.69752,0.34586,-0.49878,-0.47805,-0.12545,-0.060307,-0.22901,-1.0832,-1.2073,-0.74764,-1.08,-1.042,-0.9227,-0.81861,-1.1081,-0.965,-1.2432,-1.2227,-0.88594,-0.84295,-1.4191,-1.3934,-1.8239,-1.2022,-2.2448,-1.1761,-1.0152,-1.0964,-1.0196,-1.6033,-0.92007,-2.4814,-2.3765,-1.7222,-1.9223,-2.4585,-1.1024,-1.847,-2.2583,-1.661,-2.0495,-1.8793,-1.6324,-1.7341,-2.0723,-1.9987,-2.1619,-2.0268,-1.7936,-1.5408,-2.22,-1.8131,-1.563,-1.1587,-1.4666,-1.6803
0.41389,0.41389,0.34552,0.63738,0.50193,0.68538,0.34513,-0.53333,-0.69483,-0.79696,-0.48425,-0.46195,-0.21428,-0.089998,-0.28939,0.6289,0.24266,0.41062,0.8129,0.84068,0.91833,0.61277,0.91029,0.97562,0.70908,1.0201,0.84998,1.1082,1.0754,0.67866,1.0046,-0.25206,-0.048979,-0.88615,0.13545,-1.0201,-0.86657,-1.3546,-1.2175,-0.71232,-0.77844,0.11451,0.19276,-0.32091,-0.098396,-0.476,0.47452,-0.26835,0.43701,0.34387,0.54054,0.73754,-0.37437,0.50779,-0.085252,-0.6783,-0.37843,-0.92853,0.89166,-0.70576,-0.75487,-0.49348,-0.29263,0.31111,-0.44578,-0.0023132,0.23795
-1.06,-0.7946,-0.9219,-0.89095,-1.3859,-0.99404,-0.63368,0.015094,0.11671,0.06552,0.39477,0.14966,0.47028,0.63595,0.66293,0.93455,0.9461,1.104,0.72797,0.5252,0.615,0.5015,0.34186,0.13602,0.4187,-0.21759,0.19988,-0.13371,-0.17427,-0.089792,-0.23307,-0.34436,-0.13645,-0.33171,0.095377,-0.56924,-0.12065,-0.62722,-0.63094,-0.10357,0.78653,0.30014,0.43723,0.20208,-0.33705,-0.37983,0.07373,-0.18061,0.78531,0.22234,0.29065,0.4279,0.29673,0.26689,-0.0067913,-0.48185,-0.064692,-0.11452,-0.11162,0.021024,0.99404,0.5448,0.43459,1.4195,0.4738,0.46133,0.39718
-0.38319,0.069269,0.26112,-0.11957,-0.24576,0.0096111,-0.21575,-0.71597,-0.70369,-0.23459,-0.25551,-0.21031,0.018748,-0.030339,0.31836,0.41639,0.51804,0.8468,1.1756,0.93728,0.99154,0.53186,0.54372,0.27745,0.046463,-0.021865,-0.35787,-0.89274,-0.87259,-0.57585,-0.79562,-0.82291,-0.60204,0.15457,0.27314,0.3917,0.111,0.66755,0.20332,-0.53873,-0.37749,0.033335,0.74828,0.30226,-0.14376,-0.66281,0.10006,-0.93728,-0.013902,-0.29499,-0.9985,-0.90835,0.35102,-0.13896,0.34959,0.83814,-0.5028,0.35436,-0.9545,0.26903,-0.34519,0.1632,-0.2209,-0.2593,-0.30007,-0.39763,-0.36407
0.67297,0.82186,0.82254,0.63913,0.22187,-0.10844,-0.66069,-0.32836,-0.092295,0.1474,0.5183,-0.29659,0.25242,0.1624,-0.20376,0.22158,0.13941,0.12579,-0.11711,-0.39119,-0.58019,-0.3433,-0.60752,-1.2351,-1.3812,-1.1834,-1.2751,-1.6662,-1.4492,-1.3933,-1.4625,-1.1943,-0.60173,-0.45386,-0.306,0.20665,0.033558,0.55469,-0.050674,0.20098,0.75579,0.96898,1.4492,0.88752,0.62226,0.97012,1.1857,1.4727,1.4329,0.97524,1.1826,0.64092,0.8633,0.75539,-0.22665,0.29312,-0.0075019,0.33961,-0.50994,0.17094,0.24558,0.012877,0.28614,0.092459,-0.098574,0.21871,0.3136
0.45822,0.11823,0.17745,0.48456,0.42887,1.2932,1.2255,1.6373,1.3734,1.4297,0.96177,1.3678,0.54656,0.66789,0.13783,0.2453,0.29547,0.18327,-0.14059,-0.59247,-0.6202,-0.47744,-1.0723,-0.83682,-1.0467,-1.2196,-0.98439,-1.1254,-1.1817,-1.287,-1.3512,-1.0823,-1.1559,-0.98451,-1.0935,-0.55261,-0.94724,-0.46509,-0.80042,-0.80246,-0.50971,-1.0424,-0.3956,-0.47623,-0.4869,-0.43469,-0.52299,-0.79891,-0.36899,-0.41889,-0.26549,-0.44854,-0.72792,-0.66863,-0.66096,-1.1579,-1.1034,-1.2793,-1.4956,-1.2894,-0.55214,-0.69525,-1.0154,-1.1826,-1.3734,-0.89664,-0.41882
-1.0055,-0.917,-0.45644,-0.62106,-0.54018,-0.49926,-0.15943,0.05954,0.3323,0.67708,0.51374,0.3624,0.30911,0.45006,0.43402,0.39558,0.25617,0.10098,0.13836,-0.1253,-0.049978,0.0047958,0.16454,0.086876,0.032876,0.08876,-0.11403,-0.051724,-0.20854,0.018495,0.039028,-0.48665,-0.45657,-0.43199,-0.39975,-0.59346,-0.32215,-0.66719,-0.61377,-0.39014,-0.46457,4.99e-05,-0.01102,0.5052,-0.091042,-0.29094,0.61546,0.40085,-0.009768,0.6939,0.0303,0.3741,0.67437,0.56105,0.47663,0.51313,0.45256,0.46069,0.31343,1.1412,0.65773,1.0413,0.38461,0.54158,0.060721,0.15735,0.20603
-0.070886,0.30018,-0.0012292,-0.025073,-0.20917,-0.13543,-0.54448,-1.1318,-1.2391,-1.0859,-1.0939,-0.99048,-0.49367,-0.75377,-0.72901,-0.99324,-0.41898,-0.33616,-0.39254,-0.90434,-0.84824,-0.74367,-0.97191,-0.96144,-0.95142,-1.0432,-1.0153,-1.0597,-1.0654,-1.0991,-1.089,-1.0535,-0.94139,-0.9179,-1.1398,-0.91656,-1.1572,-1.3291,-1.0041,-1.4649,-1.5061,-1.995,-1.1957,-1.3239,-1.3126,-1.4024,-1.1567,-1.8067,-1.0851,-1.1726,-1.3056,-1.3375,-0.90598,-0.94947,-0.9812,-0.48262,-0.6281,-0.17072,1.611,1.0408,0.32875,0.28205,0.16056,0.020427,0.17531,0.44093,0.20576
-0.81755,-1.6106,-1.5359,-1.511,-1.3164,-1.4085,-1.5815,-1.2623,-1.3518,-1.2921,-1.1752,-1.5546,-1.4447,-1.515,-1.5005,-1.571,-1.0532,-1.0938,-0.82573,-0.4037,-0.32414,-0.2779,-0.24364,0.1268,0.60441,0.49939,0.60981,1.0422,0.84336,1.1224,0.85907,0.81503,1.2584,0.61682,1.044,0.31065,0.47553,-0.44092,-0.16318,-0.079711,-0.48725,1.071,-0.44285,-0.80915,-0.60632,-0.4097,0.17977,-0.030146,-0.13873,-0.15615,-0.11461,-0.28832,0.91411,0.45927,0.34445,1.2588,1.4547,1.7745,1.6737,1.571,1.5098,1.178,0.79666,0.70631,0.69037,0.98659,0.71259
-0.54323,-0.94614,-1.0255,-1.3895,-0.80266,-0.49762,-0.24884,-0.33743,-0.12798,-0.17548,-0.58238,-0.3967,-0.43378,-0.42791,-0.38879,0.16565,0.17335,0.28261,0.37398,-0.067371,0.040372,0.13075,0.36532,0.76231,0.14425,0.51435,0.60111,0.32017,0.34006,0.52629,0.44006,-0.52169,0.31896,0.45686,-0.031956,0.12259,-0.8418,0.04039,-0.41528,-1.0965,-0.67416,0.45676,-0.016629,0.35588,-0.11528,0.053064,0.78692,-0.17974,-0.011837,0.30496,-0.23957,0.29377,0.11519,-0.13525,-0.054682,-0.41271,-0.3395,-0.44172,-0.55387,0.38313,-0.024214,0.19024,0.13973,0.44038,0.51972,0.6439,1.1339
-2.4206,-2.4459,-3.1004,-1.6094,-1.6673,-2.507,-1.6358,-1.2812,-1.964,-1.7284,-1.6138,-1.7834,-1.5226,-1.9656,-1.8742,-2.5888,-1.767,-3.0049,-2.0634,-1.8641,-2.3238,-1.9209,-2.0021,-1.6753,-1.31,-0.70245,-1.4793,-0.59105,-0.77131,-0.25533,-0.79394,1.897,2.3667,2.1285,1.8691,1.4324,1.7945,1.2589,2.13,1.5904,2.5225,1.6025,1.1767,0.91461,0.96362,1.4261,0.79252,1.8414,-0.55144,0.38296,0.75727,0.23108,0.47922,0.34237,0.30577,0.76603,-0.18916,0.53364,-0.211,-0.037136,-0.04495,-0.73565,0.47806,0.037157,-0.05507,0.64266,0.97949
-1.7186,-3.0227,-2.6303,-2.7123,-2.5792,-2.7679,-2.4918,-1.8623,-2.0431,-2.5363,-2.1185,-2.5229,-1.9254,-2.239,-2.3806,-2.1741,-1.7483,-1.9117,-2.441,-2.3256,-1.9321,-2.2714,-2.5351,-2.1345,-1.6832,-1.1465,-0.86949,1.2516,1.3634,0.57546,1.5644,1.7592,0.72742,1.6931,0.64429,2.5721,1.4899,2.6246,2.4048,3.212,1.6953,-0.51953,-2.1484,-1.7159,-0.94397,-0.38151,-1.2412,-1.1436,-1.2107,-0.73598,-0.87003,-0.91607,-1.4825,-1.4451,-0.83373,-0.79985,1.1258,1.4008,2.7123,1.1481,1.3459,1.6833,1.5441,1.7332,0.96608,1.3067,0.22795
-0.80327,-0.5629,-0.4935,-0.56422,-0.43392,-0.64336,-0.32054,-0.32707,-0.17135,-0.22496,-0.39513,-0.29608,-0.022876,0.29544,0.28735,-0.016233,-0.80494,-0.38928,-0.40109,-0.30147,-0.38925,-0.46843,0.0095459,-0.45228,-0.45114,-0.45209,-0.37486,-0.45728,-0.36838,-0.096406,-0.081065,-0.10299,-0.13309,-0.29058,-0.23851,0.0048023,-0.15679,-0.14578,-0.16735,-0.23908,-0.36155,-0.021788,-0.32776,-0.037267,0.07289,-0.60626,-0.13579,-0.22692,0.020451,0.34728,0.26862,0.13426,0.093686,0.33533,0.31841,0.20638,0.49893,0.28475,0.022293,1.5364,0.99782,0.7941,0.40758,0.45109,0.44276,0.10078,-0.056647
0.56278,0.17308,0.4722,0.093617,-0.12268,-0.4556,-0.91576,-0.76679,-1.0942,-0.030955,0.21701,0.074141,0.70548,0.96356,1.3111,1.4786,0.66771,0.53574,0.6804,1.0359,1.2101,1.2809,0.81336,0.12119,0.12228,0.30807,0.025925,-0.54035,-0.65839,0.25667,-0.37356,-0.4996,-1.0411,-0.5119,-0.61232,-0.47853,-0.37272,-1.1326,-1.3952,-0.45722,-0.079076,0.43367,0.26551,-0.5677,-0.068831,-0.20095,0.0037212,0.17971,0.3557,0.098144,-0.40337,0.36191,-0.0028302,0.39323,-0.10266,0.40593,-0.73596,-0.36919,-0.77097,-0.24669,-0.89805,-0.81768,-1.1168,-0.95454,-1.034,-0.72147,-0.38501
1.3768,1.3768,1.618,1.7039,1.7875,2.1233,2.505,1.8662,1.8231,1.4844,1.0542,1.3401,0.13721,0.39148,0.52657,-0.30604,0.68403,0.84372,0.41225,0.39559,0.49739,0.040847,0.026424,0.67601,0.68719,0.99429,1.0413,1.1014,1.1272,0.35287,0.56219,-0.53865,-0.55218,-0.87983,-0.012534,-0.92956,-1.0533,-1.4672,-1.6945,-1.1252,-1.0797,0.038658,-0.7318,-0.75859,-0.16805,-0.61159,-0.39841,-0.99822,-0.82148,-0.41915,-1.0363,-0.57764,-1.8197,-0.47383,-1.1626,-1.8662,-1.0105,-1.9172,0.3333,-2.3218,-1.449,-1.1994,-1.2457,-0.94838,-1.2653,-0.80622,-0.89569
-1.8971,-2.9589,-2.7128,-2.239,-2.3989,-2.5,-2.2691,-1.9507,-2.2417,-1.8841,-1.6596,-2.4176,-1.632,-1.5613,-1.5195,-1.0644,-1.2846,-1.7424,-1.8984,-2.1263,-1.4433,-1.3903,-1.7646,-1.6791,-1.8763,-1.5353,-1.874,-0.40872,0.46151,-1.5669,-0.63306,0.56062,0.52378,0.92733,-0.70394,2.0549,-0.27519,1.264,1.0424,-0.016977,0.36697,-0.58789,-1.6594,-0.60516,-1.6468,-1.839,-1.7887,-1.7783,-1.2803,-1.398,-1.2625,-1.924,-1.0793,-0.96046,-1.9697,-1.0458,-2.0117,-2.0134,-2.9258,1.1034,1.1961,1.6414,2.3816,0.31305,-0.14632,-0.2818,-0.42138
1.9683,0.81244,1.2189,1.3369,0.71745,0.68071,0.68071,0.64397,0.9915,0.864,0.7365,1.0183,0.64173,0.50877,1.1505,0.60355,-0.38175,-0.04041,-0.058077,-0.058077,-0.075743,-0.45153,0.067971,-0.70885,-0.81737,-0.26416,-0.34798,-0.86868,-0.76447,-0.27308,-0.49195,-0.5956,-0.84999,-1.1383,-0.40844,-1.2433,0.26607,-0.90255,-1.5923,-0.7213,-0.87378,-1.1408,0.053983,0.12853,0.31715,-0.2797,0.2158,0.46646,0.12639,0.55747,-0.13132,0.79551,-0.0099219,0.32113,-0.19682,-0.13644,-0.98616,-0.96513,-0.94409,-0.34668,-0.82765,-1.0038,-1.0412,-1.0019,-0.47106,0.025303,-0.31598
-1.9105,-3.1665,-2.7332,-3.3034,-2.5584,-2.581,-2.6411,-1.7874,-1.8549,-1.5157,-0.81948,-1.5979,-0.44323,-0.22163,0.50584,0.49132,0.9602,0.032444,0.74401,-0.73394,-0.56591,-0.54168,-0.55487,-0.87985,-0.74224,-0.89583,-0.86163,0.23124,0.61415,-0.36445,0.012027,2.3501,2.0543,2.1209,1.5288,1.3078,1.6647,2.2561,3.5839,2.5369,2.2697,0.28439,0.15773,0.46011,0.29138,0.074579,-0.68457,-0.75635,0.98929,1.5923,1.4138,2.295,1.925,0.99844,1.8656,1.1671,1.1943,1.0494,0.95677,1.5056,1.0718,1.504,2.1884,1.6828,1.7024,1.7552,1.3062
-0.12135,0.16268,0.47285,0.51017,0.51261,0.75893,1.2644,1.4311,1.6667,1.3914,0.59754,0.94649,0.53019,0.1917,-0.030623,0.18145,-0.060208,-0.249,-0.5191,-0.41477,-0.67568,-0.37003,-0.25414,0.083033,0.093225,-0.039413,-0.15371,-0.41965,-0.27635,-0.24031,-0.29169,-0.54232,-0.35484,-1.3188,-0.2976,-1.6239,-1.2389,-1.3546,-1.0761,-0.74065,-0.31557,0.10952,-0.01671,-0.15429,-0.20103,-0.33076,0.085501,-0.068747,-0.18497,-0.8097,-0.18359,-0.26735,-0.87123,-0.66028,-1.0667,-0.86912,-1.0271,-1.3914,-1.172,-0.98425,-0.92867,-1.2073,-0.86526,-1.2832,-1.3095,-0.95192,-1.011
0.96628,0.65721,0.68105,0.58812,0.76076,0.99016,1.0454,0.75265,0.91388,0.89457,0.89275,0.60257,0.7384,0.80922,0.58719,0.88044,0.90032,0.59667,0.79411,0.33467,0.52259,0.33029,0.39659,0.19793,-0.095661,0.34241,0.19417,0.27705,0.28827,0.20217,0.24466,0.37399,0.45503,0.38174,0.2874,0.29467,0.31575,0.099224,0.10718,-0.38945,-0.29567,-0.27437,-0.43426,-0.10967,-0.28155,-0.55142,-0.023164,-0.40755,-0.58583,-0.23784,-0.46572,-0.13093,-0.12867,-0.30711,-0.032614,-0.95882,-0.44118,-1.1318,-0.62364,-0.77454,-1.3196,-0.96628,-0.69386,-0.93432,-0.64762,-0.69644,-0.66828
-0.82374,-2.6619,-2.6988,-2.8056,-2.2065,-2.265,-2.312,-1.6126,-1.452,-0.9796,-0.75445,-0.78591,-0.88841,-1.253,-1.131,-1.0874,-0.66317,-1.0831,-0.28132,0.21868,0.29881,-0.22448,-0.21159,-1.0176,-0.85209,-1.2566,-1.2679,-0.86431,-0.74029,-0.82251,-0.43816,0.64984,0.63292,0.65242,0.92338,0.44167,0.90001,-0.028206,0.37689,0.4949,1.5691,0.6681,1.5385,1.7282,1.517,2.0688,2.6996,2.6619,1.2013,1.4558,1.3485,1.3292,1.1168,0.79636,0.72527,0.32196,0.39719,0.3598,1.613,1.4999,2.0124,2.6293,2.655,2.3446,2.2621,2.4718,2.0106
0.99136,1.0687,1.2006,1.128,1.3099,1.66,1.8458,1.8335,1.6908,1.3825,1.4871,1.4717,1.2476,1.3873,1.1673,1.3558,1.3362,1.3781,0.70914,0.27879,0.30374,0.16444,-0.059192,0.021684,-0.11127,-0.23437,-0.12482,-0.67813,-0.56182,-0.47348,-0.50015,-0.7606,-0.90208,-0.8868,-0.87151,-1.4128,-0.8245,-1.004,-1.2245,-0.95311,-0.60955,-1.2466,-0.70106,-0.5152,-0.48923,-1.0091,-1.0205,-0.90685,-0.38297,-0.64064,-0.55379,-0.71245,-0.5993,-0.83102,-1.089,-0.97176,-1.2754,-1.2996,-1.6836,-1.6908,-1.7293,-1.6181,-1.6023,-1.5182,-1.353,-1.4657,-1.313
0.26345,0.26345,0.25235,0.3277,0.22788,0.18093,-0.024055,0.11735,0.30297,0.84376,0.73328,0.92822,0.72115,0.0933,0.67369,0.69039,0.58679,0.71707,1.0148,0.26974,0.13173,1.0293,0.70787,0.6793,0.61388,0.49331,0.25826,0.023222,0.09789,0.468,0.18081,-0.54252,-0.42497,-0.5012,-0.96798,-0.67073,-0.64783,-0.53849,-0.56584,-0.16076,-0.26331,0.17492,-0.37981,0.33533,-0.33482,-0.36691,0.75917,0.22459,1.0262,0.40376,0.39319,0.26201,0.81553,0.8516,-0.00062195,-0.43175,-0.078293,-1.1011,0.071228,-0.74447,-0.32527,-0.16362,-0.23012,-0.36986,-0.34423,-0.26126,-0.46549
-0.64849,0.70579,0.77887,0.88549,0.93247,0.60602,0.41514,0.39319,-0.014009,0.37586,0.28866,0.59296,0.61106,0.71646,0.86345,0.86526,0.29827,0.12997,-0.03833,-0.093543,0.22888,-0.31127,0.42371,0.63489,-0.21052,-0.10906,0.11345,-1.1431,-1.0235,-0.86526,-0.54616,0.48231,0.44023,0.055642,0.19994,0.34423,0.40458,0.09488,0.3145,0.47134,0.37769,0.3604,-0.0030544,0.28677,-0.20978,0.12797,0.33795,0.50273,0.46855,0.36058,0.53583,0.52377,0.37193,0.22371,0.17779,-0.44083,0.10094,-0.8237,0.10812,0.39044,0.49504,0.029778,-0.16728,-0.0097675,-0.17248,-0.16022,-0.6355
-1.5911,-2.4601,-2.4559,-2.3864,-2.2156,-1.9664,-1.5367,-0.95572,-0.39622,-0.18216,0.42327,0.66601,0.68655,1.2046,1.4788,1.7907,2.0014,2.1604,2.3929,2.1813,2.4439,2.236,2.0977,2.3864,2.293,1.9613,2.0497,1.2708,1.0561,1.5388,1.3339,0.45391,0.53966,1.0071,0.92857,1.057,0.77517,0.72403,0.27934,0.64393,0.49582,0.4976,0.69256,0.38404,0.40756,0.19036,0.058842,-0.074158,0.40485,-0.25957,0.29165,-0.1053,0.66595,0.63536,0.64677,1.2766,1.37,1.0763,0.52166,-0.78885,-0.40425,-0.98163,-1.3953,-0.98407,-1.2997,-1.0704,-0.87218
-1.7756,-1.7455,-1.4688,-1.4938,-1.0283,-0.99037,-0.61019,-0.55577,-0.74577,-0.8055,-0.67873,-0.74315,-0.71137,-0.73484,-0.86325,-0.46171,-0.39007,-0.22251,-0.22807,0.87586,0.27546,0.34227,0.52638,0.85001,0.85408,0.73231,1.2053,-0.019896,-0.012011,0.33904,0.077034,-0.31843,-0.2486,-0.13425,0.4097,0.29381,0.34539,0.32424,-0.11517,0.015584,0.67172,0.3755,0.53224,1.0064,0.84658,0.66041,0.70118,0.49725,0.76689,0.3055,0.36436,0.32917,0.16351,0.31771,-0.15923,0.92369,0.9149,1.4283,0.44553,0.65602,1.6418,0.94291,1.3486,1.102,1.0533,1.4938,1.6532
0.58799,0.58799,0.74724,0.61222,0.49144,0.033781,-0.54146,-0.5909,-0.5464,0.16603,0.50128,0.23142,-0.48209,0.28797,0.45633,0.6604,0.66613,0.80764,0.22261,0.20647,0.23347,0.3375,0.35547,0.24679,0.20178,0.16587,0.12303,-0.24363,-0.42679,0.12018,-0.67999,-0.62994,-0.90679,-0.80519,-0.5641,-0.85647,-0.61662,-1.2131,-0.8431,-0.59079,-0.34856,-0.91667,-0.14565,-0.63496,-0.49184,-0.78663,-0.66803,-0.13003,0.14195,-0.035012,-0.21197,0.30145,-0.87431,0.1832,0.37317,-0.092127,-0.5807,-0.64263,-0.41841,-1.1881,0.099089,-0.394,-0.63763,-0.24928,-0.45801,-0.33303,-0.60628
-0.23964,-0.027728,-0.15576,-0.54652,-0.24777,-0.38859,-0.50805,-0.61633,-0.50274,-0.70292,-0.70983,-0.85549,-0.72572,-0.25409,-0.41685,-0.91509,-0.29985,-0.67901,0.11297,0.22419,-0.17509,-0.013198,0.49697,0.24649,-0.13518,-0.043895,-0.15644,-0.39943,-0.4127,-0.2644,-0.4265,-0.31813,-0.39132,0.46911,0.082319,-0.20475,-0.048992,-0.26215,-0.31988,0.23814,0.40566,0.026327,0.23249,0.72572,-0.35555,-0.20914,0.38106,-0.54519,-0.21275,0.24745,-0.41506,-0.037079,0.52359,0.24439,0.33017,0.058659,-0.15794,0.017296,-0.099912,0.69177,0.067147,0.3816,0.052506,0.3405,0.31338,0.36519,0.22096
0.17477,1.4362,1.0922,0.4513,-0.84757,-1.4925,-1.8415,-1.7931,-1.212,-1.0161,-0.91101,-0.70461,-0.91977,-0.86199,-1.1343,-0.92313,-0.10719,-0.32802,0.12962,0.82772,-0.070739,0.67914,0.40675,0.96082,1.0801,0.37452,1.0272,1.5203,1.4925,0.97195,1.3141,1.2169,1.4131,1.0415,0.99201,0.94238,0.9516,1.0471,0.48842,0.70075,1.0245,1.345,0.74593,1.1562,1.0076,0.88069,0.43549,0.66768,1.2369,0.42473,0.95179,0.40417,0.94554,0.39112,0.79578,0.67325,0.71255,0.78725,0.16198,0.72228,0.8219,1.1103,0.75996,0.18934,0.14343,0.47622,0.063913
1.4204,1.4204,1.2182,1.7438,1.4407,1.3136,0.66392,0.46608,0.31878,1.1396,1.0939,1.1627,1.0379,0.63055,0.99027,0.82726,0.72226,0.083308,-0.55565,0.14642,0.17675,0.033523,0.27044,0.73738,-0.19564,-0.12849,0.060009,-0.06034,-0.34905,-0.32175,0.029979,-1.7638,-1.7179,-1.7438,-1.7878,-1.4173,-1.6391,-1.3745,-1.0125,-0.36574,-0.26098,0.27761,1.4199,1.3597,0.64932,0.089012,0.93498,0.83595,1.6453,1.2237,0.78882,0.91098,1.6345,1.374,1.2969,1.2332,1.1695,1.0608,0.95224,0.4143,0.90223,-0.037649,0.65286,0.61443,0.29063,0.23409,-0.046811
-2.1225,-3.2882,-3.3202,-2.1294,-2.1955,-1.7894,-1.313,-1.1007,-0.82423,-0.01659,-0.16037,-0.092852,0.24593,0.091682,0.56941,0.026059,0.62404,0.41571,1.0367,1.8041,1.5573,1.4501,2.102,1.8662,1.5256,1.3425,1.4715,2.0003,1.9998,1.2806,1.6344,2.0787,1.8854,1.5298,1.2315,1.0476,1.0675,0.81434,1.2542,0.63195,1.1204,-0.2151,1.7877,2.2069,1.7762,1.4816,2.1955,2.5527,1.3865,1.5444,1.2063,1.1819,1.7021,0.78719,1.8545,1.4775,0.51929,0.67813,0.20323,0.72729,0.6414,0.49508,0.52408,0.58554,0.66541,0.54659,0.5431
0.47476,1.1009,0.89389,1.2182,1.1848,1.5437,0.85554,0.85772,0.99863,1.2379,1.1959,1.4508,1.2094,1.028,0.97667,0.80372,0.89607,0.91571,0.49384,0.3034,0.48353,0.20902,-0.27021,-0.028415,0.09068,-0.23864,0.1276,0.0080716,-0.17819,-0.00014427,-0.22878,-0.49667,-0.61275,-0.91094,-0.40008,-0.79117,-0.39697,-0.59861,-0.92382,-0.47956,-0.3311,-1.0003,-0.63612,-0.51955,-0.23726,0.11751,-0.71218,-0.56127,-0.58098,-0.30149,-0.1333,-0.62288,-0.70721,-0.49978,-0.56606,-0.8176,-0.76436,-0.61032,-0.53135,-0.45903,-0.39143,-0.77009,-1.2439,-1.3979,-0.77953,-0.67029,-0.69099
-1.0206,-0.93109,-1.6822,-1.8694,-0.71604,-1.3584,-0.98519,-0.13125,0.085442,-0.65053,-0.57896,-0.83819,-0.36378,-0.56258,-0.31361,-0.63978,-0.58692,-1.3018,-1.084,-0.71681,-0.9828,-0.78161,-0.33903,-0.90841,-0.48294,-1.3447,-0.58152,-0.67689,-0.62741,-0.75984,-0.34688,-0.1218,0.45832,0.37991,0.19508,0.2968,0.55332,0.84804,1.1193,1.2594,0.22104,-0.4796,-0.62724,-0.27812,0.0020735,0.77374,1.3584,1.5826,1.0313,0.98005,0.81407,0.5366,0.9239,0.22604,0.52919,0.69124,0.94707,1.3563,0.90297,0.54552,0.79358,0.63614,0.95698,0.7706,0.2842,0.078503,0.0067291
0.20015,0.37774,0.044181,-0.15703,-0.33367,-0.19619,-0.73568,-1.032,-0.85552,-0.74444,-0.65508,-0.75592,-0.6945,-0.73561,-0.87168,-0.53357,-0.10306,-0.30741,-0.22787,-0.98209,-0.81204,-0.74799,-0.81148,-0.76295,-0.64049,-0.19679,-0.59413,-0.028675,0.055257,-0.010327,-0.052951,1.3653,1.4186,1.2329,0.80003,0.57178,0.68827,0.45924,0.68181,0.074894,-0.85039,-1.3807,-1.2974,-0.84936,-1.3653,-1.2164,-0.64294,-1.4049,-1.3324,-1.0018,-1.3463,-0.87096,-0.93361,-0.78786,-0.68079,-0.80968,-1.0583,-0.79562,-0.75294,-0.16562,0.21788,0.22413,0.76735,0.54089,0.31505,0.42657,0.19664
0.73195,0.28124,0.41655,0.16403,0.066876,-0.051137,0.19055,1.1767,1.1914,0.82151,0.22982,0.5483,-0.071382,-0.29161,-0.073922,0.19122,0.32888,0.24302,0.55697,0.70939,0.55023,0.65059,0.77176,0.58556,0.60441,0.68016,0.77319,0.47819,0.67108,0.84698,0.77535,-0.18938,0.84174,0.0087466,1.1715,-0.50303,0.5254,-0.73465,-1.1715,-0.95525,-0.29288,0.6572,-0.0934,-0.20691,-0.29925,-0.139,-0.041117,0.051209,-0.015055,-0.016046,0.0093234,-0.42842,0.68111,-0.14825,0.12621,-0.30614,-0.52999,-0.7153,0.50628,-1.0331,-0.86789,-1.0008,-1.3248,-1.2576,-0.56826,-0.51619,-0.55301
0.43604,0.15534,0.27899,-0.21662,-0.35692,-1.1466,-1.2934,-1.0402,-0.81389,-0.35845,-0.28771,-0.76984,-0.60342,-0.78505,-0.91864,-0.38625,-0.016983,-0.49228,0.3229,0.31774,0.1771,0.29487,0.19204,0.20383,-0.066325,-0.12423,0.039972,-0.28459,-0.075278,0.067687,0.20851,0.32749,-0.16803,0.51073,0.37176,0.59919,0.72314,0.64258,0.47399,0.64952,1.1774,1.0402,0.91336,0.91416,0.4544,0.078805,0.52772,0.585,0.77769,0.29565,0.36741,0.15454,0.86451,0.0063279,-0.0019733,0.24421,-0.33784,0.099916,0.13181,-0.033463,0.25934,0.17584,0.40546,0.20364,0.38294,0.52035,0.74166
-0.4478,0.078369,-0.40109,-0.78458,-0.99767,-0.69536,0.14408,0.55841,0.58025,0.38684,-0.092119,0.17864,0.17521,0.67791,0.51196,0.21169,-0.5216,-0.60369,-0.093842,0.19671,-0.10154,0.015982,0.50943,-0.086782,-1.005,0.35999,-0.52698,-1.1281,-0.80208,-0.24245,0.35938,-0.16163,-0.62945,-0.60537,0.21046,-0.55863,-0.48869,-0.21459,0.090048,0.31381,0.18083,0.99767,0.38658,0.43678,-0.05386,-0.034496,0.000745,-0.34194,-0.2413,0.16628,-0.088674,-0.0051324,0.0019992,0.086114,0.074643,-0.45899,-0.062732,-0.30125,0.32303,1.1135,0.98534,0.79216,0.3585,0.74031,0.38054,0.66762,0.3922
0.74545,0.95537,0.87391,0.050892,-0.52378,-1.0421,-1.1544,-0.39987,-0.1787,-0.15879,-0.11601,-0.14945,0.38618,0.4642,1.176,0.84296,1.0451,1.0334,1.0421,0.63557,0.51406,0.82845,0.88332,0.47522,0.47895,0.62233,0.34203,0.30496,0.35749,0.46758,0.50026,0.57736,0.7564,0.89063,0.43645,0.54824,0.2302,0.85243,0.2253,-0.20284,0.246,-0.15925,-0.10333,-0.14276,-0.16763,-0.11659,-0.14013,-0.52201,-0.52511,-0.17958,-0.093348,-0.064562,0.1816,-0.068548,-0.17937,-0.4885,-0.14486,-0.73679,-0.66033,-0.98708,-1.0628,-1.0292,-0.7008,-0.69092,-0.73331,-0.80827,-0.44863
-2.0462,-3.065,-2.8757,-3.0344,-2.5448,-2.1048,-2.3453,-2.0268,-1.4978,-0.72125,-0.09742,0.38506,-0.43468,-0.95294,-0.83694,-0.69771,-0.72316,0.14153,-0.22015,0.34957,0.24716,0.64124,0.84276,0.61963,0.49462,0.70358,0.94257,1.3793,1.3988,1.2582,1.6927,1.8769,3.282,2.1881,2.9605,2.3156,2.0686,0.38459,-0.39645,1.2868,1.8753,1.2128,0.7013,1.7267,1.0375,0.74685,2.8757,2.3295,0.87581,0.43282,0.89796,1.3321,-0.91896,-0.17622,-0.086913,-1.0312,-1.3498,-1.1634,-1.2692,0.28046,1.1584,0.67086,0.53614,1.1807,1.3159,1.4743,1.1768
1.6424,0.92577,0.61994,0.67662,-0.24186,0.051819,-0.5519,-0.25651,-0.33191,0.26137,0.12862,-0.12189,-0.075312,-0.25394,-0.2592,0.24127,-0.025202,-0.070955,-0.31657,-0.27469,-0.23281,-0.039031,0.25873,-0.25556,0.28187,0.3387,-0.10382,-0.097217,-0.12267,0.012311,-0.06815,-0.047887,-0.31476,-0.30605,-0.091157,0.12373,-0.35766,0.043572,-0.31229,0.29412,0.1113,0.75863,0.328,0.32644,-0.048572,0.01619,0.34527,-0.13064,0.39459,0.20678,0.3824,0.37801,0.24226,0.77297,-0.16434,0.091069,-0.54184,-0.11816,0.14983,-0.65628,-0.38761,-0.44257,-0.20251,-0.51627,-0.067001,-0.31267,-0.77297
0.42671,0.69118,0.47512,0.78067,0.25499,-0.58118,-0.39928,-0.054615,0.22414,0.60845,0.60624,0.50669,0.96768,1.1363,1.2032,0.86795,0.3003,0.51696,0.11156,-0.39932,-0.30284,-0.27291,-0.51536,-0.77194,-0.77764,-0.77375,-1.0219,-0.7617,-0.86818,-0.42648,-0.75913,-0.14779,-0.32172,-0.12316,-0.21035,-0.43918,-0.30256,-0.29579,-0.25083,-0.37095,-0.22364,-0.71718,-0.70895,-0.60826,-0.48352,-0.54667,-0.78887,-0.6692,-0.49044,-0.063336,-0.17873,-0.17469,-0.14551,-0.15615,-0.27146,-0.47412,-0.82648,-0.41266,0.21304,-0.5367,0.0010292,-0.76541,-0.50618,-0.54832,-0.96768,-0.35827,-0.62367
-1.2829,-2.0626,-1.8343,-1.9816,-1.3536,-1.0199,0.1529,1.3543,1.6165,1.7877,1.9383,1.4507,1.5091,1.6507,1.567,1.8229,1.8343,1.9906,1.6541,1.3341,1.3748,1.0553,0.73263,0.87603,0.55978,0.14188,0.094829,-0.99212,-0.99069,-0.32916,-0.65131,-1.2543,-1.3106,-1.6542,-1.2195,-1.4416,-1.3819,-1.2525,-1.5816,-0.79628,-0.24462,0.20344,1.0071,0.85818,0.91889,0.96202,0.29537,0.095605,0.52736,0.37379,0.40908,-0.10165,0.61855,0.37864,0.38345,-0.2969,-0.34646,-0.51588,-0.66911,-0.96949,-0.96688,-1.0692,-0.83738,-1.4458,-0.61493,-0.57178,-0.82133
-1.6733,-1.6733,-1.2593,-1.2307,-2.0668,-1.505,-1.3117,-1.2456,-1.8758,-0.90373,-0.91066,-1.4378,-0.8708,-0.70106,-1.326,-1.7886,-1.3037,-1.0965,-1.4743,-0.17293,-1.0462,-0.46123,-0.18639,1.2229,1.9754,1.7886,2.1752,1.4614,1.4192,1.2871,1.102,0.38626,0.40204,0.023691,1.0297,-0.38326,0.04011,-0.6009,-1.0391,-0.3567,0.045935,-0.017735,0.12532,-0.13716,0.88151,1.1561,0.95038,0.69852,0.89858,0.1609,0.2705,-0.015986,0.65463,0.39976,0.5901,0.55621,0.52039,0.25033,0.85887,0.25411,-0.27527,0.35316,0.48845,0.50591,0.57135,1.1836,0.6885
0.29165,-0.42381,-0.65754,-0.35912,-0.71105,-0.36941,-0.41217,-0.48381,-0.405,-0.025286,-0.3391,-0.14248,-0.10742,-0.046091,-0.49812,-0.747,-0.21544,-0.21664,-0.63774,-0.27495,-0.46442,-0.11854,-0.44927,-0.19839,-0.052763,-0.17263,0.39365,0.53507,0.45978,0.12464,0.34798,0.1602,0.70844,0.23195,0.54013,-0.3543,0.046783,-0.032829,-0.1778,0.13801,-0.090864,-0.72936,-0.24844,-0.21797,-0.12419,0.0067504,-0.25358,0.49799,0.13669,-0.14363,0.17657,0.18518,0.28438,0.42607,0.39029,0.21644,0.097408,0.33795,0.39335,0.27205,0.48859,0.42124,0.41289,0.13499,0.5379,0.72086,0.71105
-0.34373,-0.57559,-0.53397,-0.34935,0.087291,-0.083919,0.09846,0.40359,0.4238,0.77554,0.91099,0.86344,0.87251,1.0499,1.4821,1.1855,1.0952,1.257,0.8354,0.68605,0.64421,0.51075,0.46825,0.46386,0.51773,0.33975,0.37097,-0.043915,-0.067845,0.24725,0.042176,-0.71896,-0.3571,-0.78912,-0.37349,-0.783,-0.60091,-0.94834,-1.1855,-0.45535,-0.54799,0.10425,-0.74825,-0.35679,-0.3215,-0.23666,-0.45122,0.34108,-0.37878,-0.23109,-0.0057274,-0.054367,0.34353,0.11975,-0.14844,-0.73864,-0.52716,-0.95063,-0.49061,-0.6229,-0.91604,-1.0164,-0.99317,-0.63208,-0.71568,-0.55074,-0.57354
1.8885,2.0059,1.8095,1.9149,1.4818,1.8354,1.8635,1.2321,1.03,1.0111,0.3457,1.6046,1.1162,1.2253,0.88772,1.0372,0.76085,1.0706,0.54319,-0.38817,0.034763,-0.29817,-0.65495,-0.61254,-0.66211,-1.2862,-0.61421,-1.2635,-1.0277,-1.209,-1.4413,-1.8379,-1.8019,-1.2224,-1.4732,-1.6151,-1.5998,-2.1886,-2.2875,-1.5262,-0.56742,-0.96599,-0.66912,-0.66139,-1.0571,-0.99678,-0.77198,-0.88934,0.1964,-0.3499,-0.24866,-0.17587,-0.49223,-0.48022,-0.57349,-1.0422,-1.0786,-1.2417,-1.8885,-1.6842,-1.2589,-0.34281,-0.97392,-0.59223,-1.1915,-0.63104,-0.8057
2.0915,1.9993,2.037,2.0486,2.2054,2.2058,2.7748,2.6242,2.51,1.6374,1.6357,2.302,1.4721,1.9425,1.5732,1.6896,1.6706,1.7947,1.2428,0.2839,0.87535,0.53862,0.24532,0.0754,0.1806,-0.16508,0.037385,-0.20836,-0.31444,-0.37152,-0.42482,-1.5246,-1.2946,-1.5747,-1.2725,-2.2643,-1.9136,-2.6558,-2.51,-1.6027,-1.3895,-1.1858,-0.91484,-1.0544,-1.2947,-1.4238,-1.0492,-1.7737,-0.40076,-0.6653,-0.39216,-0.35347,-0.91752,-0.44085,-1.2183,-1.7417,-1.7115,-1.5888,-1.423,-2.7289,-2.4353,-2.351,-2.042,-2.0785,-1.9748,-1.9297,-1.8374
0.70282,0.70282,1.0392,1.577,1.5353,1.3858,1.8582,1.0711,0.76583,0.4267,0.19135,0.24872,0.2394,0.24958,0.49223,0.632,0.68162,0.4042,0.27314,-0.62318,-0.32608,-0.50729,-0.1757,-0.42738,-0.42833,-0.22803,0.13145,-0.59324,-0.51717,-0.66134,-0.86632,-1.0713,-0.4927,-1.5662,-1.5407,-1.2683,-1.5353,-1.2994,-0.88326,-1.0312,-0.30948,0.034075,1.0424,0.0072939,-0.13232,-0.84779,0.52556,-0.73832,1.1565,0.4518,-0.024323,0.085917,-0.85991,0.19285,-0.37267,-0.10341,-0.73168,-0.057111,-0.25501,-1.4345,-0.85508,-0.89308,-0.85621,-0.65416,-1.2965,-0.70785,-0.74883
-1.6706,-0.90981,-0.6144,-0.73594,-0.066341,-0.31362,-0.08012,0.56947,0.7212,0.6641,0.46547,0.075992,0.31784,0.70865,0.54425,0.32825,1.0886,0.7553,1.0024,0.50644,0.28307,0.66296,0.47905,-0.11055,-0.34669,-0.78243,-0.57,-1.2311,-1.0627,-0.77786,-0.76999,-0.062164,0.25648,-0.3943,0.33665,-0.80443,-0.25383,-1.2277,-1.1138,-0.49526,1.1339,1.51,0.77063,0.32374,0.080595,-0.21797,1.3811,1.2311,0.62148,-0.019596,0.092684,0.05167,-0.16261,-0.07568,-0.24852,-0.69812,-0.60459,-0.85621,-0.17199,-0.5376,-0.50644,-0.34164,-0.55466,-0.29682,-0.57303,-0.043158,-0.44135
-2.3001,-2.3001,-1.8345,-1.7448,-1.564,-1.7729,-1.6626,-0.87364,-1.3334,-1.3487,-1.0534,-1.8044,-1.7015,-1.5598,-1.6515,-1.6195,-2.277,-2.2539,-2.6137,-2.5575,-2.8582,-2.4778,-2.2798,-2.2997,-1.7497,-1.9297,-1.4121,-1.9886,-1.7073,-1.426,-1.477,-1.528,-1.0828,-1.2943,-1.4417,-1.5891,-1.0585,-1.8284,-0.96608,-0.96608,-0.10372,0.40233,0.31054,3.5859,2.1063,1.6703,-0.2989,0.015419,3.9203,2.0252,0.84343,0.44846,1.2579,-0.16464,0.20738,1.6886,0.20573,0.32367,-1.4283,-1.9283,-1.8467,-0.95022,-0.16172,2.6033,1.4753,2.411,2.6137
0.37943,0.37943,1.0579,0.96433,1.1522,1.3669,0.83052,1.3554,1.5692,1.4503,1.3385,1.6315,1.5706,0.64088,1.7,1.8506,2.1542,2.4907,1.8918,1.0039,0.99045,1.1155,0.59279,0.19848,0.21676,0.27116,0.54781,-0.4422,-0.73514,-0.44636,-0.6401,-1.5944,-1.8925,-1.5172,-1.9327,-2.0181,-1.4536,-1.3755,-1.015,-0.066062,0.73051,0.97499,1.7091,1.4433,0.2309,0.36761,1.0469,0.57093,1.8925,0.75448,0.52207,1.0893,1.3743,0.32373,0.44324,0.85791,-1.4568,-1.2241,-0.99131,-1.241,-1.3314,-1.6769,-1.4111,-1.6988,-1.3862,-1.1981,-0.87276
-2.1461,-2.1461,-1.401,-0.99618,-0.59132,0.37792,-0.34146,-1.3097,-0.12916,0.38624,0.045961,0.41794,-0.20262,0.19057,0.30787,-1.8484,-0.86,0.47067,-0.94546,-0.33627,-1.5481,-0.18003,-0.29008,-2.1659,-2.0139,-2.1018,-1.8036,-1.5053,-1.925,-1.7198,-1.5334,-1.1919,-0.85043,-1.0853,-0.62987,-1.2088,-1.2088,-1.7878,-0.31946,-0.66067,-0.51472,0.47918,1.2323,2.3381,1.5,0.88333,0.26663,0.32044,1.3249,1.1279,1.1207,0.90281,0.63723,0.048799,0.29281,-0.26835,-0.82952,-1.0225,-1.2156,-1.7942,-0.46071,-1.3377,-0.32695,1.577,2.8268,0.853,2.1969
0.54455,0.094211,0.18838,-0.11193,0.29867,0.70255,0.83914,0.58975,0.88749,0.88274,0.56371,0.79916,0.023834,-0.12513,-0.054642,-0.11408,0.15537,-0.051152,0.15084,0.33596,-0.021814,0.1785,0.25797,-0.16258,-0.12123,-0.025908,-0.14732,-0.63323,-0.53475,-0.58523,-0.37594,-0.44783,-0.39217,-0.20231,-0.74511,-0.72493,-0.70829,-0.30589,-0.24785,-0.51344,-0.75993,-0.27235,-0.38459,-0.26571,-0.66419,-0.5841,-0.43116,-1.1064,-0.83914,-0.55338,-0.89941,-0.69619,-0.32515,-0.75045,-0.62507,-0.096059,-0.73703,-0.55816,-0.626,-0.31861,0.012097,0.094803,-0.061957,-0.23303,-0.40739,-0.35732,-0.64388
0.69127,1.003,1.1546,0.95858,1.0242,0.91261,0.6058,0.81255,0.89887,0.97025,0.81425,1.0161,0.91617,0.91867,1.2203,0.90412,0.58898,0.83713,0.48098,0.12738,-0.059139,0.18132,0.10242,-0.083044,0.042454,0.14227,-0.04204,-0.17983,-0.34241,0.12801,-0.041315,-0.98901,-0.72504,-0.76805,-0.54003,-0.53028,-0.56901,-0.63535,-0.92416,-0.20463,-0.46218,-0.39864,-0.11989,0.1875,0.059975,-0.15828,-0.32418,-0.083488,0.2177,0.11289,0.024231,0.59191,0.033376,0.24915,0.076142,-0.18564,-0.57464,-0.55125,-0.71957,-0.67308,-1.0242,-0.96871,-1.0538,-1.0993,-0.76853,-0.49572,-0.60384
0.74034,0.63808,0.81309,0.20412,0.4829,0.87736,0.91686,0.57259,0.53971,0.34754,-0.36294,-0.55878,-0.40787,-1.2481,-1.7005,-1.6523,-1.4228,-1.0623,-0.73351,-0.75953,-0.80262,-0.63433,-0.55625,-0.30127,-0.49528,-0.28466,-0.25215,-0.14294,-0.032265,-0.095083,-0.080987,-0.19765,0.25737,1.3528,-0.60982,0.69098,0.54647,0.18413,1.1275,-0.26354,-0.055656,-0.37219,-0.71509,-0.5605,-0.94764,-0.51926,-0.61722,-0.89827,-1.0112,-0.33594,-1.4834,-0.92499,-0.48278,-0.76061,-0.45577,-0.065523,0.54203,0.64719,0.86336,1.0613,0.70388,0.61034,0.3908,0.22906,0.37252,0.13802,-0.22898
0.84786,1.2053,1.4082,1.338,1.0946,0.70676,-0.74431,-0.91319,-0.89773,-0.81476,-0.48297,-0.53649,-0.13903,0.17674,0.37534,0.65102,0.39577,0.6966,0.50852,-0.17073,0.010711,-0.10853,-0.27648,-0.099949,0.11679,-0.30686,0.071519,-0.20388,-0.27215,-0.0098547,-0.12364,-0.33871,-0.34042,-0.82294,-0.34909,-0.66761,-0.34808,-0.72018,-0.90775,-0.62502,-0.41726,-0.055198,-0.5703,-0.60837,-0.47349,0.15878,-0.12691,-0.36363,0.14057,-0.30251,0.012622,0.075685,-0.50008,-0.17814,-0.43826,-0.51959,-0.40839,-0.37473,-0.86432,-1.0836,-1.1715,-1.2776,-1.0655,-1.2053,-1.0481,-1.0259,-1.255
-0.30968,0.055575,0.17586,-0.048598,0.2726,0.77832,1.0353,1.0903,1.2646,1.3857,1.4262,1.475,0.10885,1.3165,1.343,1.0224,0.84642,1.6808,0.80174,0.014096,0.22828,0.36013,0.1037,0.09608,-0.076795,-0.079174,0.20557,-0.42586,-0.42018,-0.073315,-0.39736,-1.0647,-0.45395,-0.06817,-0.6658,-0.53901,-0.50758,-0.79409,-0.99274,-0.91805,-0.33403,-0.85301,-0.39984,-0.13176,-0.46368,-0.080273,-0.14946,-0.33034,-0.39092,-0.20776,-0.76724,-0.27402,-0.65951,-0.67521,-0.56271,-0.65807,-0.98938,-0.61656,-1.4262,-1.4832,-1.1791,-1.4924,-1.0758,-1.2119,-0.59706,-0.63692,-0.70408
0.12845,0.20655,0.00028518,-0.00099862,0.088424,0.5814,0.91974,0.34179,0.92878,0.90761,1.1716,0.90141,0.059492,1.0294,0.80164,1.097,0.7971,1.215,1.0827,0.44659,0.71088,0.75143,0.76813,0.93485,0.71794,1.0064,0.91969,1.0068,0.94066,0.86289,0.68267,-0.048862,1.194,1.2598,-0.22607,0.66551,-0.064754,0.46492,-0.40099,-1.0054,0.052713,-2.1539,-0.10675,0.043915,-0.16598,-0.37978,-0.087262,-0.38632,-0.18348,-0.4296,-0.43949,-0.20345,-0.29606,-0.075525,-0.28281,-0.8587,-0.43316,-1.0258,-1.3202,-1.0098,-0.94379,-1.194,-0.61801,-0.77602,-0.55118,-0.66296,-0.25222
0.50914,0.77218,0.71732,0.33586,0.21955,0.34713,0.49184,0.1601,0.11652,0.83033,0.68838,0.70867,0.68966,0.58447,0.54845,0.3925,0.16574,-0.094806,0.53881,0.03687,0.16555,0.24879,0.43928,-0.037139,-0.16555,0.13971,0.091994,-0.68763,-0.41238,-0.016114,-0.483,-0.64278,-0.78237,-0.56098,-0.65954,-0.47562,-0.40862,-0.83033,-0.48862,-0.49838,-0.32006,0.85239,0.47668,0.46344,-0.40561,-0.37081,-0.067345,-0.28967,0.33567,0.51881,-0.080936,0.23258,0.31825,0.36915,0.32272,0.37401,-0.084878,-0.27487,-0.63092,-0.97702,-0.76978,-0.82224,-0.90607,-0.70227,-0.0046209,-0.48332,-0.23442
0.6649,0.33761,0.55557,0.50476,0.54731,0.33494,-0.1076,-0.32344,-0.16659,-0.60879,-0.35021,-0.35951,-0.13698,0.14499,0.09728,-0.061766,-0.36284,-0.22406,0.23583,0.15669,0.25494,0.0995,0.68507,0.58481,0.15456,0.96597,0.71687,0.76594,0.74318,0.87724,0.83984,-0.16815,-0.18643,-0.61872,0.29695,-0.87362,-0.6356,-0.66855,-1.0385,-0.12367,-0.52983,-0.83984,-0.2712,-0.17376,-0.72537,-0.15371,-0.15328,-0.46407,-0.27282,-0.34014,-0.56492,-0.18927,-0.020683,-0.20833,-0.5172,-0.68025,-0.52844,-0.66557,0.72771,0.060157,-0.73658,-0.48144,-0.63307,-0.41237,-0.46281,-0.08884,-0.072548
0.42369,0.94958,1.1817,0.79301,0.38857,0.079975,-0.87428,-0.77748,-0.48062,0.0021355,-0.2041,-0.20777,-0.37635,0.011783,-0.020613,0.23429,-0.27007,-0.026351,-0.23926,0.054876,-0.19602,-0.42848,-0.3835,-0.22723,-0.63345,-0.26293,-0.46183,-0.33737,-0.39585,-0.3718,-0.59902,0.038169,-0.58195,-0.47204,-0.10466,-0.22989,0.11457,-0.40111,0.11883,0.1672,-0.047077,-0.09514,-0.3312,0.065713,-0.020599,-0.079765,-0.015516,0.20511,0.11025,-0.22708,-0.2697,-0.26384,-0.21576,-0.46019,-0.45881,-0.30942,-0.33687,-0.099531,-0.2894,-0.65801,-0.046366,-0.83921,-0.79301,-0.44942,0.085931,-0.45445,0.73333
1.532,1.7116,1.833,1.4031,1.7564,2.0552,1.9702,2.1843,2.2374,1.9903,1.472,1.6145,0.59162,0.0083795,0.065824,-0.20564,-0.46493,-0.33419,-1.3908,-1.2723,-1.1537,-1.519,-1.287,-1.3895,-1.6285,-1.9251,-2.0958,-2.2749,-2.0347,-1.7815,-1.3902,-0.74884,-1.7022,-1.1342,-0.98864,-0.54582,-0.9709,-0.60371,-0.19795,-0.42245,-0.69616,-0.39219,-1.0376,-0.84796,-0.77121,-1.2754,-0.84743,-1.2136,-1.0389,-0.73428,-0.92598,-1.3011,-0.95163,-1.1284,-1.0708,-0.57134,-0.8522,-0.86222,-1.4257,-0.96879,-0.50617,-0.48562,-0.99065,-1.0951,-0.54279,-0.8981,-0.68052
-0.65264,-1.3199,-1.2936,-1.3424,-1.0931,-1.0546,-0.96008,-0.50529,-0.59835,-0.049889,0.29826,0.1034,-0.1486,0.73042,0.6552,-0.29588,-0.38611,0.29373,-0.48983,-0.79949,-1.0466,-0.69315,-0.8294,-0.02246,0.17886,0.24639,0.70295,1.0754,1.279,0.83582,1.0467,0.66072,1.3112,1.3584,0.74835,0.94648,0.90331,0.56992,0.948,0.37591,0.65335,0.96414,0.45418,0.28844,-0.17234,0.29218,0.50454,0.42991,0.71397,0.56725,0.45684,0.37148,0.56652,0.53784,0.39836,0.40844,0.13546,0.25541,0.68958,0.081608,0.16289,0.28377,0.23388,0.58028,0.94336,0.48301,0.35828
0.096768,-0.70364,-0.77005,-0.50864,-0.68779,-0.83876,-0.95275,-1.0133,-1.1338,-1.191,-0.91203,-1.134,-0.79038,-1.0695,-0.49311,-1.0996,-0.97383,-0.5983,-1.1703,-0.2728,-0.39171,-0.4177,-0.13025,-0.3359,-0.17263,-0.11802,0.0024083,0.33263,0.52827,0.22092,0.37747,1.203,1.1693,0.95827,1.134,0.80806,1.0639,0.515,0.31578,-0.087371,-0.5079,0.31388,0.61174,0.56947,0.49215,0.14467,-0.067421,-0.36315,0.11793,0.049935,0.31843,0.34893,-0.060935,0.31461,0.051262,0.0077043,0.12438,0.30113,0.5818,0.99528,0.82725,0.34131,0.67584,0.76378,0.87324,0.78219,0.64727
0.040688,0.047701,0.10883,-0.26237,0.23888,0.11948,0.64846,0.49471,0.52368,0.21501,0.086626,0.45641,0.19869,0.51991,0.4815,0.13489,0.0079446,0.24375,0.14055,-0.2534,-0.24652,-0.19523,-0.3935,-0.11887,0.050349,0.2082,0.36803,0.33986,0.3238,0.022734,0.23367,-0.47317,0.2355,0.4832,-0.1075,-0.18025,-0.040845,-0.2529,-0.41181,-0.34828,0.2952,0.89745,0.65294,0.52768,0.0013932,0.18753,0.40234,-0.19287,0.54888,0.12867,0.1978,0.13644,0.065772,-0.33915,0.074526,0.15596,-0.31612,-0.21036,-0.32497,-0.40083,-0.7903,-0.64846,-0.4064,-0.52243,-0.59833,-0.21127,0.20898
-0.58995,-0.80393,-0.77499,-0.94392,-0.70969,-0.83892,-0.64083,-0.25762,-0.68211,-0.51979,-0.23539,-0.60318,-0.5669,-0.78487,-0.3305,-0.3857,-0.5205,-0.62096,-0.78722,-0.49811,-0.65249,-0.7105,-0.64787,-0.46623,-0.56696,-0.65813,-0.86064,-0.57261,-0.4972,-0.59664,-0.43108,0.35998,0.52628,0.48412,0.54229,0.054296,0.28365,0.22794,0.3057,0.3831,0.47411,0.31248,0.9982,0.79822,0.49164,0.48428,0.37714,0.86754,0.4461,0.06507,0.43295,0.22625,0.22362,0.27588,-0.18664,0.34438,-0.076828,0.016167,-0.16939,-0.0519,-0.17998,-0.74099,0.46854,-0.80711,-0.24638,0.059858,0.19221
-1.7365,-1.0604,-1.0131,-0.99874,-0.70343,-0.29974,-0.091631,0.06937,0.49657,0.85055,0.98956,0.99831,0.96634,1.2423,1.1511,1.6605,1.931,1.7734,1.9639,1.8569,2.051,1.6432,1.3331,1.4941,1.2831,1.0346,1.2053,0.56617,0.46994,0.76625,0.27317,-0.064788,-0.19107,-0.054014,0.0019108,0.21947,0.068242,-0.020452,-0.72077,-0.45444,-0.13553,-0.064125,0.23065,0.22567,0.19258,0.00078357,0.093021,0.00011756,0.51796,0.32511,0.49725,0.41552,0.66621,0.7783,0.52326,0.28243,0.13072,0.20263,0.016617,-1.6282,-1.4231,-2.0131,-1.931,-2.056,-0.83525,-1.7319,-1.6004
0.10425,0.54285,0.44369,0.56942,0.61697,0.48315,1.1135,1.1883,0.91006,1.1074,1.2363,1.5154,1.3179,1.5125,1.4465,1.2655,0.97788,1.5069,0.93527,0.1469,0.33708,0.49654,0.14929,0.0051959,-0.19191,-0.66753,-0.45112,-0.94405,-0.76064,-0.78446,-0.99689,-1.2183,-1.2964,-1.2227,-1.0475,-1.1481,-0.93253,-1.9186,-1.5069,-0.66921,0.043784,-0.10098,0.12388,-0.15939,-0.37124,-0.4039,-0.21072,-0.5567,0.54861,0.37793,0.30135,0.44902,0.40476,0.70817,0.26198,-0.6324,-0.64254,-1.0946,-0.46851,-1.3456,-1.1417,-0.91059,-1.0613,-0.83041,-0.49288,-0.44659,-0.30847
-0.30317,-0.63553,-0.24996,-0.73139,-0.38752,-0.36317,-0.52637,-0.38165,-0.24743,-0.66016,-0.38908,-0.72048,-0.7359,-0.59752,-0.70662,0.17634,-0.11269,-0.41188,-0.08568,-0.009783,-0.0033621,0.21517,0.27085,0.059728,0.2265,0.068688,0.48026,0.19845,0.23058,0.14503,0.34615,-0.25851,-0.061918,-0.10921,-0.21468,-0.0088129,-0.057225,-0.14879,0.1078,0.54942,0.25747,-0.18091,0.099623,0.25905,0.24736,-0.21974,0.26476,-0.42503,-0.084368,-0.026429,-0.14175,-0.12229,0.24539,0.17182,0.33109,0.61756,0.72048,0.89219,1.4615,0.064773,0.40544,0.51985,0.34157,0.44311,0.42539,0.416,0.57493
0.083085,0.076166,-0.018252,-0.17009,-0.42184,-0.63881,-0.85427,-0.79812,-0.75019,-0.85639,-0.90461,-0.84739,-0.60275,-0.15059,-0.091885,0.1724,0.23064,0.1911,1.1832,0.69814,0.68252,0.70029,0.71823,0.40737,0.4696,0.54117,0.67394,0.44822,0.43063,0.75355,0.66996,0.046368,-0.1242,-0.3572,0.19585,-0.54201,-0.32605,0.028343,0.18234,0.71568,0.42076,0.80343,0.66354,0.49054,-0.14402,-0.16862,0.96522,0.4196,0.51265,0.81618,0.21196,0.85427,0.5256,0.43526,0.20499,-0.046103,-0.31662,-0.30219,0.37442,-0.10149,-0.27327,0.20694,-0.076455,0.35666,0.0058824,0.11193,0.255
-1.3492,-1.3492,-1.0112,-1.2186,-1.1051,-0.99392,-0.82107,-0.046672,-0.11139,-0.36839,-0.016712,0.33787,-0.010905,-0.24571,0.020115,-0.83003,-1.0427,-0.65859,-1.6062,-0.61745,-1.3251,-1.3646,-0.61263,-0.07086,0.0005653,0.15546,-0.38289,-0.56392,-0.46678,-1.2614,-0.41634,0.022345,-0.26749,-0.13046,0.12578,-0.51843,-0.47172,-0.044857,-0.10916,0.39661,0.34538,0.30244,-0.078379,0.092766,0.29479,0.11442,0.2984,0.045474,0.018763,0.53192,0.3595,-0.080779,0.13122,-0.62375,-0.65223,0.93089,1.1016,1.2454,1.241,1.3492,0.93808,0.55449,0.79186,1.0015,0.94923,1.0209,0.66213
0.83415,0.43972,0.51598,0.66315,1.0665,0.71064,0.80562,0.9006,1.0611,0.39937,0.27118,0.2194,0.16761,-0.44276,-0.20043,0.31194,0.18819,0.0010542,0.20731,-0.26588,-0.090386,0.064235,0.15113,-0.2465,-0.27667,-0.22623,-0.78429,-0.35102,-0.33003,-0.49891,-0.33039,0.18087,-0.4432,0.11704,-0.2569,0.15826,-0.10643,0.52984,0.6331,-0.22334,-0.37741,-0.6734,-0.55022,-0.071582,-0.28862,-0.49901,-0.95031,-0.99692,-0.83746,-0.25657,-0.43108,-0.74783,-0.010385,-0.18442,-0.35492,-0.14186,-0.037845,-0.19464,0.25282,0.70028,0.1872,0.22828,-0.31556,0.13091,-0.14733,0.080658,0.19666
0.79535,0.79535,0.59545,0.82473,0.26115,0.4039,-0.082563,0.25914,0.043294,0.51899,0.31835,0.34862,-0.31492,0.39606,0.32955,0.56726,0.73319,0.72113,0.52393,0.45964,0.15721,0.50982,0.18835,0.50089,0.20171,0.29083,0.34918,0.38927,-0.021545,0.22501,0.32163,-0.7367,-0.18697,-0.59307,-0.8253,-0.82442,-0.79094,-0.63291,-0.67065,-0.40875,-0.43029,0.10062,0.43019,0.10822,0.12689,-0.65989,0.44978,0.49119,0.5326,0.07287,0.056579,-0.064306,-0.12179,0.04855,0.026831,0.16499,-0.20046,-0.098794,-0.16518,-1.0676,-0.607,-0.14637,-0.55135,-0.27914,-0.39605,-0.30714,-0.034914
-1.4013,-1.7396,-1.814,-1.1423,-0.6202,-1.2042,-0.8182,-0.44612,-0.31153,-0.28692,-0.30259,-1.2329,-0.56785,-0.04525,-0.5084,-0.51304,-0.90419,-1.1999,-0.81003,-1.3913,-1.0285,-0.91026,-0.48494,-0.902,-0.93538,-0.39225,0.15088,1.5496,2.0797,0.1207,1.0762,0.7006,1.4013,0.73314,0.92366,0.68338,0.55191,0.77034,0.80621,0.81008,0.46629,-0.19448,-0.23523,-0.25053,-0.284,-0.20299,-0.21305,-1.0072,-0.77499,-0.8064,-0.24475,-0.31645,-0.22156,-0.82468,0.26276,-0.39002,-0.089067,0.069209,0.10649,0.37124,0.28271,0.11617,0.86631,0.17995,0.51882,-0.045937,0.69912
-0.055746,0.6736,0.62606,0.90541,0.41145,0.69703,1.2299,0.68127,0.57286,1.176,1.1563,0.60957,0.57775,1.1904,1.1942,1.2057,1.0211,0.93864,0.79335,0.46431,0.61832,0.65245,0.69187,0.072903,0.23615,0.0026192,-0.73819,-0.0020574,-0.11925,-0.4694,-0.41984,0.092684,-0.44141,0.026197,-0.097192,0.28598,0.23976,0.14033,-0.5358,-0.2286,0.03387,0.42681,0.1339,-0.13677,-0.014002,-0.66137,-0.21401,0.13177,0.57372,-0.19537,-0.092933,0.068418,0.17806,0.52598,-0.25359,0.16919,-0.66625,-0.4601,-0.33789,-1.2825,-0.74788,-0.80948,-1.0483,-0.98422,-0.92018,-1.0542,-0.87803
-0.47944,-0.74178,-0.20793,-0.23815,-0.29732,-0.43536,-0.28322,-0.38348,0.2899,-0.10065,-0.065626,-0.063925,0.022523,-0.53362,0.076025,-0.43582,-0.77599,-0.33821,-0.57831,-0.57831,-0.8184,-0.10523,-0.44232,-0.36895,-0.02578,0.22306,-0.028309,0.1214,0.34945,0.25603,0.44949,0.45514,0.37718,-0.0046192,0.67591,-0.062605,0.035576,0.32108,-0.48301,-0.3882,-0.2298,-0.12046,-0.10626,-0.60637,-0.4784,0.13373,-1.0818,-0.12679,-0.71497,-0.24674,-0.20838,-0.28379,0.1224,-0.088898,0.0066603,0.30547,0.28596,0.80646,0.94319,1.3297,-0.12891,0.42365,-0.15195,0.24906,-0.18166,0.26596,-0.132
0.65038,-2.1055,-1.9856,-1.5175,-1.7017,-2.046,-1.8649,-1.9335,-1.9814,-2.1592,-2.0692,-2.3003,-1.7646,-1.9943,-1.7459,-1.6339,-1.6019,-1.7228,-1.9724,-1.7806,-1.8549,-1.9383,-2.2152,-1.7712,-1.201,-1.7615,-0.75698,-1.462,-1.6088,-0.91719,-1.2754,-2.0527,-2.3182,-2.1629,-1.2699,-1.8487,-1.542,-1.5182,-1.6087,-1.224,-1.1956,-0.034364,-0.046134,-1.792,-2.4597,-1.7974,-1.0413,-1.4498,-1.5438,-1.6706,-1.4061,-1.3613,-1.125,-1.1314,-1.4618,1.3804,2.3003,2.3707,2.0222,1.3564,0.30477,-0.55359,-1.0592,-0.62819,-0.46067,-0.79665,-0.44593
0.69731,0.38618,0.24589,0.30993,0.8973,0.438,1.0289,1.138,1.1739,1.2132,0.669,1.5323,0.80911,0.60517,1.3978,1.0441,0.52276,0.70615,0.12193,0.085176,0.30947,-0.16341,0.078783,-0.17406,-0.22087,-0.13222,-0.068175,-0.039138,-0.32669,-0.048788,-0.29636,-0.59292,-0.60139,-0.11956,-1.0856,-0.41187,-0.65981,-0.016182,-0.77945,-0.67632,-0.02592,-2.4337,-0.49871,-0.37176,-0.43596,-0.30589,-0.32077,-0.58177,-0.10975,0.36137,-0.16297,-0.03023,-0.35135,-0.3412,-0.31362,-0.71833,-0.84626,-0.77241,-0.76558,-1.0042,-0.97382,-1.1224,-1.4965,-0.98058,-1.2132,-0.69618,-0.73039
-0.71163,-0.61231,-0.68749,-0.86146,-0.69494,-0.95033,-1.118,-0.92648,-0.77688,-1.0361,-0.85399,-0.73992,-0.63565,-0.46758,-0.98759,-0.81816,-0.70191,-0.70931,-0.65215,-0.94378,-1.0767,-0.51305,-0.6904,-0.3605,-0.25045,-0.34427,-0.31379,0.44643,0.68852,-0.26604,0.17922,1.0402,0.5283,0.50213,0.024015,0.84992,0.53071,0.72435,0.4088,0.44968,0.29197,-0.51497,-1.3519,-0.72627,-0.53754,-0.39379,-0.94795,-1.3412,-0.89389,-1.1261,-0.65629,-0.94177,-1.0194,-1.2546,-0.68315,-0.64235,-0.47498,-0.37899,-0.36844,0.50566,0.064671,0.16615,0.27799,0.33149,0.53475,0.39023,0.26846
1.5908,0.58321,0.661,0.66045,0.94625,1.7065,2.0268,1.2983,1.4407,1.5978,1.4618,1.3973,1.3925,1.2032,1.3625,1.1247,0.25742,0.6374,0.16316,-0.14015,-0.0051099,-0.296,0.016138,-1.5484,-0.71091,-1.2465,-1.2867,-1.5179,-1.6074,-1.018,-2.2008,0.41237,-0.056217,0.19749,0.37558,0.21716,0.44851,0.48338,-0.010699,0.27808,0.68959,-0.40827,-0.34893,-0.075974,-0.43463,-0.29911,-0.24891,-0.24877,0.5665,0.56795,0.45023,1.4556,0.033654,-0.17946,-0.61788,-1.2286,-1.1848,-1.416,-0.58978,-0.34116,-0.22136,-0.82181,-0.13812,-1.5685,0.3754,-0.62645,-0.84908
0.90956,0.23795,-0.0055609,-0.35089,-1.2193,-0.90431,-0.51216,0.2293,0.1672,-0.31696,-0.15815,-0.20302,-0.24411,-0.53576,-0.23601,-0.44381,-0.67349,-0.57709,-0.51828,-0.25543,-0.32851,0.10249,-0.043896,-0.035935,0.068419,0.4639,0.72831,0.82869,0.61774,0.68701,1.084,0.78769,0.88184,0.46222,0.99368,-0.0047693,0.20976,0.32065,-0.3382,-0.071768,0.42261,0.5754,0.27583,-0.47182,0.14762,-0.7648,0.0059287,-0.068649,-0.094877,-0.1211,0.08597,0.35777,-0.075279,0.66824,0.14428,0.17252,-0.17531,0.066417,-0.28464,0.17413,0.11436,-0.607,-0.48699,-0.84145,-0.082825,-0.20445,-0.19273
-0.1807,-0.76649,-0.85898,-0.6355,-0.81488,-0.31016,-0.29097,-0.43029,-0.35512,-0.67203,-0.87439,-0.48675,-0.54844,-0.44398,-0.64153,-0.47194,-0.28848,-0.56829,-0.42497,-0.63101,-0.72688,-0.63163,-0.8014,-0.56305,-0.50775,-0.58999,-0.27794,-0.076729,-0.16785,0.04614,0.001962,-0.18498,0.37917,0.58027,-0.12793,-0.22362,-0.30259,-0.28513,0.04745,0.18872,0.85898,0.76911,1.1067,0.78325,0.22626,0.4791,0.76027,0.19121,0.25817,-0.24465,-0.096799,-0.11375,-0.41112,-0.53853,-0.37489,-0.40774,-0.34512,-0.37807,-1.3327,-0.10792,0.049414,0.5678,0.10894,0.1113,-0.1693,0.06972,0.25481
-2.5238,-2.5238,-2.4932,-2.5278,-2.316,-0.85897,-1.5429,-0.34051,-0.61705,-0.34241,-0.066962,-0.0016417,0.40683,0.88478,0.66309,1.5328,1.6886,1.6578,2.1917,2.3974,1.9026,2.2794,2.2894,2.5836,2.2564,1.9583,1.9583,1.6601,1.1748,1.4858,1.7968,0.70067,0.67174,0.30602,0.92433,0.39659,0.94798,0.49958,0.66968,0.9975,1.3196,1.5445,2.8141,2.3212,1.842,2.195,2.4276,1.5623,2.4932,2.0996,1.4603,2.3918,1.3857,1.6603,0.88011,1.4131,1.483,0.81177,0.97785,0.34241,1.5552,1.4964,0.87825,1.4428,1.6789,1.3309,1.7801
-0.56941,-0.7139,-0.64318,-0.27146,-0.30732,0.035221,0.30939,-0.45818,-0.66492,-1.3783,-1.2422,-1.2629,-0.54174,-0.5961,-0.53708,-0.31635,-0.39529,-0.45362,-0.20063,-0.34412,-0.3379,-0.34161,-0.32846,-0.2213,-0.053654,-0.12359,0.20524,0.27438,0.40234,0.37761,0.57732,-0.35845,0.31023,0.089101,-0.3638,-0.94755,-0.60964,-0.76871,-1.5112,-0.91452,-0.45663,-0.13061,0.75528,1.0773,0.20195,1.0847,1.2768,0.68288,-0.22097,-0.61064,-0.39069,-0.7797,-0.53244,-0.28736,-0.4896,-0.48226,-1.6188,-1.5347,1.0411,0.068683,0.28708,0.38964,0.68498,0.9944,1.5806,0.95041,1.5637
-0.37443,0.26849,0.35703,0.193,-0.22513,-0.48206,-0.15321,0.18215,0.5948,1.0084,0.61354,0.75883,0.5281,0.37223,0.71783,0.34739,0.076931,0.24914,0.30172,0.25129,0.10931,-0.03553,0.3948,0.020528,0.031761,0.34123,0.15993,0.16576,0.19619,0.14308,0.37396,0.61519,0.82586,0.070295,0.63451,-0.30996,-0.19185,-0.32557,-0.4339,-0.17159,-0.22407,-0.31284,-0.22566,-0.056866,-0.043574,-0.28168,-0.1118,-0.43266,-0.46351,-0.20439,-0.56633,-0.32768,-0.75883,-0.52248,-0.58631,-0.491,-0.53467,-0.40924,-0.23389,-0.44893,-0.61524,-0.32086,-0.67572,-0.67542,-0.74684,-0.54801,-0.76755
3.323,2.6708,2.5006,2.4217,2.1281,2.1211,1.5558,0.81773,0.81216,1.2145,1.1316,1.0887,1.108,0.97471,0.94131,1.0077,0.37352,0.59332,-0.87323,-2.4106,-2.0897,-2.1069,-2.402,-2.567,-2.8489,-2.2755,-2.3497,-2.5482,-2.3568,-2.4488,-2.539,-2.7829,-2.991,-2.7209,-2.7417,-2.2873,-2.249,-2.5889,-1.3706,-0.55814,0.45502,1.1485,0.85697,0.79693,0.32571,0.20681,1.776,1.0789,1.2419,1.6838,0.67476,1.2146,0.95772,1.3,1.4891,1.7799,1.5186,1.8472,1.0682,2.7768,2.5671,3.2694,2.3411,2.4811,2.4814,2.3737,2.7645
1.1608,1.6937,1.7702,0.99375,1.814,1.6079,1.6636,1.904,1.7541,0.42203,-0.26111,0.51663,-0.036668,-0.72142,-0.20189,-0.58561,0.38374,0.37218,0.12642,-0.5491,-0.20609,-0.67599,-0.26573,-0.52539,-0.71336,-0.66925,-0.50339,-0.76485,-0.623,-0.66162,-1.1213,-0.73396,-1.2013,-0.63573,-0.83379,-0.38319,-0.55167,-1.0069,-0.72559,-0.81533,-0.61531,-0.47592,-0.8486,-0.4612,-1.1514,-1.2714,-1.0759,-1.4001,-0.70935,-0.65403,-1.121,-0.64725,-0.91239,-0.65785,-0.50397,-0.74603,-1.2343,-1.3407,-1.3096,-1.9245,-1.7702,-1.9112,-1.4501,-1.6298,-1.0401,-1.6571,-1.6191
0.76896,0.76896,0.57961,0.17823,-0.50118,-1.0238,-1.8038,-1.4241,-1.4165,-0.46251,-0.78802,-0.63926,-0.29978,-0.036271,0.3155,0.32713,0.74889,0.33535,1.3452,1.4165,1.2708,1.2632,0.96553,0.30611,0.20477,0.30157,0.3644,-0.035945,0.036599,0.038819,0.10577,-0.24578,-1.0476,-0.63889,-0.01127,0.16615,-0.22671,0.36569,-0.38283,0.18064,0.28535,1.0394,1.3261,0.98517,0.56806,0.15095,1.3952,0.48137,0.80759,0.68736,0.89458,1.1018,0.58635,1.4013,0.79794,1.7782,1.4487,0.76885,0.43899,-0.31562,-0.12444,0.022353,-0.037011,0.5097,0.081005,0.45189,0.15956
0.75955,0.66757,0.61495,0.8503,0.82586,0.88072,0.52499,0.50801,0.52423,0.79886,0.86203,0.98548,0.83558,0.88242,0.78728,0.81263,0.73212,0.86525,0.47301,0.42326,0.024456,0.08219,-0.14309,0.19044,0.23247,-0.10944,0.45019,-0.0261,-0.032522,0.43475,0.36488,-0.52526,-0.54537,-0.81252,-0.6167,-0.71693,-0.64136,-0.48367,-0.69612,-0.29518,-0.28397,-0.32175,0.17511,0.001071,0.1922,0.15767,-0.24968,0.074334,0.14966,0.1484,0.10667,0.15634,0.030748,0.061381,-0.0091945,-0.56481,-0.56801,-0.68286,-0.88072,-1.1026,-1.386,-0.73803,-0.85375,-0.73196,-0.61286,-0.60577,-0.6679
0.75747,0.34899,0.52476,0.29196,0.99705,1.0308,1.3335,0.61485,1.0444,1.0385,0.13598,0.70396,-0.30611,-1.0066,-0.74203,-0.72661,-0.73683,-0.61407,-0.015013,-0.065893,-0.040485,0.16999,0.37376,-0.47502,-0.25753,-0.29198,-0.59328,-0.24367,-0.23557,-0.34497,-0.089187,0.25448,0.79767,1.3437,0.6257,0.59218,0.28995,0.97638,0.28733,-0.51183,-0.53559,-0.80756,-0.59034,-0.50145,-0.756,-0.63303,-0.13803,-0.11042,-0.59672,-0.57064,-0.87731,-0.8913,-1.0001,-1.1227,-1.0444,-0.52942,-0.70022,-0.48711,-1.1471,0.10573,0.056312,-0.055484,-0.22218,-0.38246,-0.75198,-0.33939,-0.466
0.73977,1.1832,1.0833,1.2167,1.4009,1.144,1.3996,0.58787,0.52162,-0.18818,-0.12322,0.35401,0.50905,0.06658,0.62083,0.72827,0.20753,0.71263,-0.039132,-0.18952,0.29576,0.13829,0.25184,-0.35244,0.58763,-0.19154,-0.096884,-0.2048,-0.402,-0.41043,-0.52831,-0.88979,-1.2167,-0.74376,-0.5552,-0.56708,-0.57897,-0.76059,-0.70108,-0.40972,-0.17872,-0.54012,-0.48974,-0.48974,-0.43935,-0.13234,-0.92431,-0.8065,0.17034,-0.27947,0.007244,-0.16202,-0.20316,-0.3953,-0.417,-0.25138,-0.70322,-0.64086,-0.94707,-1.2533,-0.50692,-1.0345,-0.6549,-1.1085,-1.5276,-0.85183,-0.89369
0.37277,0.82685,1.1174,0.89241,0.96489,0.69391,0.32329,-0.21229,-0.32527,-0.72259,-0.66751,-0.85101,-0.78253,-1.1307,-1.1141,-0.90586,-0.82741,-1.3746,0.20655,0.24455,0.32453,0.16205,0.5679,-0.48944,-0.74745,-0.37144,-0.66732,-0.42984,0.34049,-0.712,-0.37582,-0.41569,-0.65616,-0.91501,-0.30547,-0.81482,-0.49568,-0.83961,-0.43636,-0.063171,0.25692,0.73307,0.41302,0.19516,-0.19889,0.018723,0.76691,1.2583,0.66666,0.66132,0.18845,1.1141,0.72362,0.47274,0.77074,-0.013103,-0.46834,-0.52828,-0.18629,-0.46484,-0.69849,-0.75526,-0.58562,-0.16114,-0.44923,-0.24534,0.13162
0.077834,0.78725,0.85432,0.86821,0.7779,0.61522,0.62565,0.80655,1.0067,1.1637,0.97935,1.1252,1.0677,1.4547,1.1352,1.4435,1.4216,1.4428,1.2845,0.91219,1.1083,0.78248,1.0198,0.6098,0.95226,0.60082,-0.018496,-0.61777,-0.73008,-0.040783,-0.77524,-0.4578,-0.41752,-1.2363,-0.38182,-1.0289,-0.98272,-1.8032,-1.6422,-1.1931,-0.24868,-0.67875,0.71408,0.24908,0.23952,0.057029,0.5295,0.65102,0.80382,-0.17569,0.39631,0.10058,-0.071894,0.44137,0.34832,-0.20582,-0.1973,-0.64239,-0.78534,-1.2506,-0.66707,-1.4428,-1.2776,-1.1239,-1.1016,-1.217,-0.93394
0.48386,0.7826,1.0945,1.0877,1.0557,1.3847,1.4689,1.1119,0.50989,-0.43022,-0.24331,-0.5407,-0.32239,-0.36373,-0.67063,-0.42431,-0.24754,-0.32569,-0.532,-0.88201,-0.33455,-0.78095,-0.87338,-0.76356,-0.80397,-1.1119,-0.72216,-1.0329,-0.91294,-0.86422,-0.58218,-0.946,-0.99042,-0.74509,-0.49975,-0.96604,-0.8005,-0.72371,-0.75222,-0.40073,0.13577,-2.0236,0.98017,0.45598,0.37554,-0.084662,0.37579,0.35791,0.77501,0.12161,0.18301,-0.01994,-0.28593,-0.42331,-0.52611,-0.7018,-0.83887,-0.70128,-0.83608,-0.96638,-1.0716,-0.65306,-0.3412,-0.45799,-0.57559,-0.14971,-0.188
0.077113,0.63464,1.1685,1.2426,1.178,0.93936,1.4727,1.6945,1.2625,0.96457,0.48165,0.27594,0.64301,0.74946,1.0557,0.45198,-0.15882,-0.16119,-0.10379,-0.32777,-0.33688,-0.25326,0.39769,-0.99805,-0.87763,-0.75721,-1.9773,-0.62198,-1.1616,-1.2854,-1.1223,0.30931,-0.077624,-0.52767,-0.070372,0.63434,0.60953,-0.19871,0.12261,-0.026617,-0.24016,-0.30359,-1.0685,-0.56908,-1.3883,1.7122,-0.9834,0.16185,-0.67897,-0.64185,0.16777,-1.4727,-0.3519,-0.50626,-0.40019,-0.72747,-0.24638,-1.0277,-0.50529,-0.50832,-0.04964,-0.87029,-0.88754,-1.019,-0.47932,-0.90712,-0.58137
-1.1145,0.4233,0.27593,0.551,0.79208,0.80805,1.0644,0.81257,0.94652,0.50727,0.522,0.41276,0.89052,0.56704,0.72263,0.27558,-0.065245,-0.11867,-0.57588,0.17943,-0.0061853,-0.034939,-0.13576,-0.30166,-0.35816,-0.55342,-0.49126,-0.70821,-0.6888,0.20292,-0.58233,0.09908,-0.022601,-0.18449,0.21011,0.21137,0.39987,0.096861,0.26606,0.33616,0.094056,-0.16594,-0.42858,-0.77566,-0.18589,-0.010454,-0.67506,-0.113,0.19781,-0.45966,0.26869,-0.29491,-0.37367,-0.15776,-0.039637,-0.71862,-0.50675,-0.46009,-0.73633,-0.85284,-0.32405,-0.55857,-0.72019,-0.88616,-0.53859,-0.57754,-0.76723
0.50223,0.8581,0.94815,0.38948,-0.032725,0.1459,-0.62573,-0.43196,-0.22333,0.29774,0.14741,-0.031856,-1.7712,0.05446,0.092697,0.16764,0.61781,0.4845,1.0347,0.64823,0.80572,0.77187,0.71786,1.0536,0.88231,0.9304,0.96565,1.2518,1.1657,0.93093,1.0298,0.66119,1.0742,1.4742,0.19559,0.78416,0.79331,1.1358,0.21278,-0.97663,-0.32274,-0.39399,-1.0152,-0.51728,-0.80801,-0.66443,-0.57832,-1.1657,-0.98848,-0.46613,-0.97892,-1.0044,-0.081623,-0.60022,0.15936,1.0379,0.19338,0.58156,-0.47697,0.4779,0.59258,0.10307,-0.090474,-0.19373,-0.060307,-0.078766,-0.37508
0.69879,0.12458,0.47571,0.53041,0.80239,0.88401,1.424,1.316,1.283,1.1709,0.56476,1.0467,0.55686,0.37778,0.5846,0.55252,0.10532,0.23675,0.082161,-0.013237,-0.1902,-0.043021,-0.25862,-0.37754,-0.4353,-0.3817,-0.37616,-0.5456,-0.67598,-0.53181,-0.70628,-0.77725,-1.1211,-1.2044,-1.1721,-1.283,-1.2669,-0.93056,-0.50943,-0.52329,-0.82815,0.45077,-0.26973,-0.7939,-0.40229,-0.38014,-0.3216,-0.94447,-0.06934,-0.15552,-0.61895,-0.44596,-0.5335,-0.75327,-0.83537,-1.0931,-1.1359,-1.2651,-1.0197,-0.69484,-1.1382,-1.1387,-1.3123,-1.0563,-1.1827,-1.3091,-0.84712
-1.188,-1.9534,-1.7151,-1.7592,-1.7836,-1.5259,-1.1616,-0.96064,-0.77751,-0.65248,-0.63915,-0.099208,0.15022,-0.26348,-0.70731,-0.36722,-0.41514,0.11753,-0.12589,-0.16644,-0.15724,0.36246,0.29937,0.15279,-0.0049904,-0.17354,-0.021204,0.51772,0.50135,-0.068313,0.43792,-0.44149,-0.26278,-0.42093,0.071258,-0.071312,-0.27708,-0.13567,-0.46049,-0.58456,-0.91448,0.12197,1.2436,1.0249,0.66507,0.007462,0.86221,0.10934,1.014,0.38947,0.73163,0.71529,0.2616,0.86683,0.21317,-0.04596,-0.47732,-0.42626,0.17305,-0.097777,0.46305,1.1705,0.86644,1.4183,1.7592,1.276,1.8543
-4.5703,-4.5703,-4.3,-3.638,-3.9734,-4.4125,-3.5824,-3.6141,-2.87,-3.2523,-2.893,-3.4016,-2.3507,-1.3445,-1.1146,-0.21309,0.2665,-0.37165,0.5035,-1.8964,-0.7636,-1.6836,-2.4105,-2.975,-3.2262,-3.3328,-2.463,-2.2889,-2.1023,-2.1023,-1.9157,-1.416,2.5785,2.6728,2.7672,0.049278,1.3036,-1.5038,-0.84222,-0.19192,1.7923,-0.016655,4.1427,4.1799,3.3525,3.0321,2.0856,1.2973,1.7087,1.7492,2.9856,2.1312,2.6276,1.1568,2.0805,2.4162,1.3535,2.783,0.46575,0.5733,0.37012,0.40554,1.3976,3.5057,2.807,4.3,4.4195
0.4858,0.52178,0.78704,0.62174,0.72387,0.8143,1.0144,0.93599,0.7418,0.94367,0.74151,0.80893,0.36809,0.76199,0.55362,0.61657,0.17516,0.44921,0.5114,0.086216,0.074296,-0.018577,-0.15438,-0.22341,-0.31126,-0.33252,-0.48315,-0.29992,-0.27977,-0.43762,-0.51656,-1.0144,-0.99122,-1.1124,-0.86717,-0.74599,-0.71336,-1.1021,-0.86912,-0.70701,0.072035,1.3349,1.0216,0.69875,0.26795,-0.014012,0.48207,0.13021,0.45615,0.24228,-0.038941,-0.022552,0.0072514,-0.016084,0.095771,-0.12885,-0.3325,-0.54363,-0.26447,-0.50195,-0.15095,-0.094261,-0.33622,-0.25132,-0.38838,-0.30269,-0.39827
-0.61864,-0.57468,-0.3754,-0.5767,-0.41117,-0.27577,-0.2115,-0.30263,-0.24048,0.07654,-0.30676,-0.029356,-0.29751,-0.37669,-0.5662,-0.49152,-0.58677,-0.3509,-0.27952,-0.17505,-0.51132,-0.27009,0.014997,0.18079,0.32338,0.50108,0.56919,0.55976,0.72414,0.57742,0.61864,0.14087,0.30006,-0.094889,-0.4296,0.3297,-0.32521,-0.07811,-0.42796,-0.40521,-0.61864,-0.27619,-0.29559,-0.46735,-0.4292,-0.20839,-0.20476,-0.044782,-0.16834,-0.79858,-0.4041,-0.61553,-0.30943,-0.26441,-0.36354,-0.0553,-0.010525,0.12834,0.23958,0.25718,0.044735,0.058605,0.061749,0.052308,-0.025409,-0.028395,-0.089462
-0.18905,-0.99059,-1.0411,-1.2689,-1.5967,-1.3874,-1.4727,-1.7051,-1.6792,-1.6029,-1.7019,-1.7581,-1.35,-1.5933,-1.8777,-2.0046,-2.1911,-1.8995,-2.007,-1.5482,-1.4692,-1.3397,-1.1985,-1.5541,-1.7832,-0.83444,-0.6078,-0.95334,-0.76281,-1.1806,-0.95923,-0.56469,-0.42863,-0.22181,-0.61611,-0.039512,-0.11886,-0.021684,0.23253,0.30544,-0.24085,0.19892,-0.091055,0.75896,-0.5789,0.40199,-0.13254,0.5223,-0.013678,-0.19482,0.16921,0.23255,0.63231,1.0433,-0.049904,1.0687,1.0467,1.1594,1.1003,1.8611,2.265,2.2112,1.973,1.8893,2.0046,1.511,1.897
-1.6286,-2.0516,-2.1881,-2.1137,-1.8963,-1.8613,-1.6996,-1.9457,-1.9009,-2.4833,-2.439,-2.256,-1.8024,-1.4866,-1.5628,-1.5358,-1.8294,-1.8007,-1.8466,-1.6218,-1.6774,-1.3057,-1.3888,-1.0847,-0.68432,-0.94178,-1.1104,-1.3054,-1.3603,-1.2543,-1.0369,-0.81325,-1.3323,-1.3555,-0.85372,-1.1156,-1.2209,-1.0499,-0.87686,-1.0656,-1.5905,-2.1642,-2.3335,-2.0941,-2.4405,-1.962,-1.9981,-2.0969,-2.497,-2.2422,-2.2403,-2.4716,-1.6245,-1.9025,-1.8267,-1.7033,-1.4539,-1.7528,-1.2443,-0.63961,-1.1207,-1.1676,-0.83431,-0.29862,-0.092487,-0.30249,-0.5421
-0.91483,-0.49916,-0.1174,-0.62955,-0.81644,-1.1937,-1.515,-1.0881,-1.0137,-0.61069,-0.56427,-0.7483,-0.55569,-0.82776,-0.46887,-0.23206,-0.481,-0.62337,-0.28243,-0.37796,-0.2926,-0.17042,-0.23286,-0.49434,-0.5938,-0.44144,-0.63823,-0.54822,-0.41708,-0.62449,-0.37488,-0.2658,-0.060079,0.22653,-0.17618,-0.44681,-0.35521,0.40684,0.55778,0.35054,1.002,1.7168,1.1937,1.0978,0.70533,0.60476,0.41397,0.46672,0.1286,0.61967,0.11004,0.23789,0.75047,0.00025693,0.38725,0.67919,0.05958,0.10155,-0.26868,-0.090218,-0.075423,-0.004844,-0.19234,-0.48103,-0.21024,-0.35396,-0.52432
-0.76501,-0.76501,-0.9687,-0.89564,-0.73317,-0.64526,-0.035854,0.38849,0.33231,1.2481,1.1869,1.551,1.1283,1.2575,1.1693,1.2083,0.90131,1.1256,1.0574,0.47145,0.49801,0.41143,0.37625,0.27481,0.54959,0.39386,0.23813,0.43221,-0.066501,0.23326,0.29858,-0.65278,-0.89355,-1.1023,-0.76464,-1.0992,-0.9411,-1.0057,-0.95545,-0.40917,-0.6084,0.73289,0.23592,0.23478,0.3388,0.055463,0.5106,0.14158,0.42187,0.12756,0.48003,0.2185,0.051017,0.14391,0.079134,-0.38214,-0.52369,-0.6561,-0.78851,-1.2314,-0.50375,-0.97589,-0.83615,-0.78708,-0.86521,-0.8832,-0.9514
0.98854,1.4261,1.3685,1.1511,1.0769,0.72132,0.72592,0.65951,0.55802,0.2327,0.19611,0.11669,0.065354,0.058011,-0.12619,0.30623,0.55106,-0.21597,0.31796,0.37295,0.32079,0.19166,0.035181,-0.21587,-0.27935,-0.40678,-0.75847,-0.95215,-1.0074,-0.76688,-1.07,-0.76416,-0.87494,-0.50071,-0.58876,0.17159,-0.18622,0.22129,0.21704,-0.38309,-0.17794,-0.010137,0.20789,0.203,-0.12208,-0.4947,-0.40048,-0.31837,-0.0071873,-0.062501,0.022734,-0.3748,-0.16856,-0.068038,-0.38693,-0.44468,-0.3393,-0.74985,-0.83623,-1.1449,-1.3081,-1.3079,-0.9877,-1.1864,-1.0542,-0.93703,-0.68061
0.71482,0.22093,0.43676,0.61122,0.71601,0.97318,0.80841,0.83059,0.91331,0.84077,0.96739,0.70471,0.37453,0.47678,0.43768,0.61784,0.52907,0.72751,0.044957,0.36319,0.070367,-0.11892,-0.15888,0.04606,-0.1435,-0.074619,-0.063182,-0.17012,-0.093911,-0.17051,-0.041996,-0.47201,-0.22762,0.014284,-0.75527,-0.14217,-0.17958,0.29036,-0.46416,-0.7589,-0.40918,-0.15426,-0.27058,-0.31049,-0.64614,-0.2166,-0.19711,0.049517,-0.14511,-0.017493,-0.18515,0.13096,0.13477,-0.090996,-0.16557,0.12867,0.208,-0.057597,-0.45039,-0.87536,-0.50096,-0.86031,-0.95283,-1.1797,-0.57779,-0.72463,-0.51399
-1.5951,-2.6171,-2.5894,-2.3987,-2.492,-1.9612,-2.0201,-1.4973,-1.8523,-1.8727,-1.7567,-2.2561,-0.11899,-1.7408,-1.9651,-1.0803,-1.6122,-1.4702,-1.4033,-1.5508,-1.482,-1.1939,-1.4528,-0.26299,0.25671,0.71643,0.81887,2.5596,2.5776,1.4879,2.2387,2.2719,2.492,1.937,1.5875,2.3923,1.2662,2.1643,2.1807,0.2878,-0.29785,0.086922,-0.61609,-0.64997,0.20696,0.57366,0.41285,0.1196,-0.47612,-1.3023,-0.82643,-0.65398,-0.98524,-0.66226,-1.3848,-0.94377,-1.0544,-0.70786,-0.16817,0.21534,0.30622,0.55991,1.2089,0.91222,0.48967,0.16454,0.86077
-0.97819,-0.56569,-0.82736,-0.8332,-0.90871,-0.55818,-1.0426,-1.171,-1.1171,-1.2037,-1.1928,-0.97798,-0.65197,-0.11934,-0.35299,0.11534,0.55047,0.39511,0.78516,1.171,0.82528,0.96264,0.63407,0.48636,0.36593,0.39344,0.18237,0.13719,0.17175,-0.015983,0.24425,0.45829,-0.10497,0.043401,0.22818,-0.0064962,0.46222,-0.19362,0.018129,0.60562,1.3144,0.023609,0.79519,0.92015,0.79353,0.92242,0.12181,0.50297,0.74523,0.41476,0.74308,0.28666,0.64876,0.27261,0.26886,0.24855,0.0353,0.11901,-0.55875,-0.12893,0.32512,0.66945,0.13091,0.17828,-0.1484,0.47691,0.72922
1.1801,0.9596,1.101,1.0922,1.1984,1.3012,1.5802,1.5092,0.80486,0.4536,0.23168,0.37512,0.26443,0.12649,0.18085,0.33362,0.42623,0.015578,-0.10979,-0.17148,-0.076166,-0.090303,-0.3195,-0.16676,-0.29882,-0.51347,-0.54704,-0.66945,-0.64142,-0.35446,-0.40072,-0.4916,-0.8325,-0.89262,-0.80333,-0.62153,-0.82659,-0.87794,-0.76899,-0.52606,-0.78144,-0.55259,-0.47211,-0.365,-0.94759,-0.94736,-0.11886,-0.33978,-0.4304,0.008998,-0.075109,-0.32382,0.25281,-0.2993,-0.56205,-0.28399,-1.0457,-0.96879,-0.51694,-0.99012,-0.96694,-0.84589,-1.1129,-1.5018,-0.64527,-0.74149,-0.94952
-0.82799,0.47018,0.45128,0.28855,0.55911,0.80218,1.4679,1.5653,1.6843,1.5733,1.5543,1.2012,0.22372,1.5375,1.1749,1.1398,1.0647,0.98359,0.8006,-0.0027915,0.56654,0.3886,0.12734,-0.3255,-0.45623,-0.49102,-0.50994,-0.60957,-0.74855,-0.57345,-0.50686,-1.7839,-1.6513,-1.1513,-1.5653,-0.18025,-1.1195,-0.019386,-0.78743,-0.87147,-0.39627,-0.59392,1.0106,0.60284,0.70253,0.25622,0.16106,-0.69126,0.17533,0.3191,0.06005,-0.12426,0.40801,0.8629,0.6343,-0.11963,0.2049,-0.1998,-0.31297,-0.4193,-0.60348,-0.30649,-0.59269,-0.70724,-0.49836,-0.62541,-0.076409
-0.74521,-0.62514,-0.52351,-0.18899,0.22169,0.39252,0.39477,0.48367,0.50075,0.25999,0.55096,0.35013,0.30465,0.19092,0.75049,0.36857,0.62832,0.70629,0.26938,0.70624,0.3876,0.39079,0.36532,0.73614,0.68674,0.27528,0.85441,0.96833,0.99469,1.0165,1.019,0.7197,1.4522,0.62478,1.3434,0.095002,0.60839,0.33329,-0.84663,-0.52456,-0.044486,0.012441,-0.47994,0.23918,-0.14146,0.0048257,-0.43014,-0.068774,-0.55468,0.036918,0.039541,-0.17696,-0.13035,-0.53253,-0.26066,-0.12187,-0.0079215,0.1242,0.54378,0.072763,-0.25425,-0.52164,-0.40178,-0.37121,-0.16117,0.10334,-0.083468
0.20112,0.16818,0.27163,-0.22599,-0.13562,0.0035403,-0.28471,-0.016451,-0.10425,-0.0096833,-0.051285,-0.39963,-0.53402,-0.61067,-1.0953,-0.40364,-0.21104,-0.2941,-0.28855,-0.28234,-0.31258,-0.20512,-0.29162,-0.0519,0.26495,0.13798,0.22286,1.1361,1.2456,0.37359,0.97958,1.2391,1.7504,1.5038,1.0699,1.2168,0.74863,1.2559,0.98714,-0.49856,-1.2332,-1.7635,-1.0272,-0.82133,-0.68089,-1.3982,-1.5563,-1.6411,-1.6137,-1.4486,-1.5569,-1.6556,-1.0661,-0.98726,-1.2029,-0.55782,0.44882,0.6348,1.3116,1.3836,0.95018,0.56482,0.73714,0.25432,-0.028805,0.19238,0.13501
-1.0054,0.76587,0.50466,0.78053,0.61648,0.97859,0.26183,-0.31018,-0.30403,-1.1566,-1.3511,-1.3482,-1.503,-1.5896,-2.3326,-2.777,-1.9487,-2.1078,-2.2946,-2.1789,-1.71,-2.2047,-2.2358,-1.9303,-1.5819,-1.8207,-1.502,-0.024629,-0.18599,-1.195,-0.1564,0.41052,0.72434,-0.13097,0.59453,1.1821,0.13464,1.2973,0.73737,1.0832,2.1819,2.4124,1.5536,1.5811,0.95111,1.2331,2.7685,2.2277,0.89335,0.3792,0.49814,0.10025,0.025455,0.022783,0.4525,1.7227,0.4575,0.25055,1.1113,0.51146,1.2676,0.70187,0.79906,0.55037,0.57324,1.3979,1.0279
-1.5918,-2.5912,-2.9234,-2.4079,-1.9605,-1.8056,-1.1077,-0.51799,-0.53948,0.49411,0.7315,0.81954,0.6218,1.3393,1.442,1.3149,1.6897,1.9415,1.837,1.3544,1.7956,2.023,1.8339,1.6791,1.5332,1.4645,1.7183,1.6476,1.8415,1.489,1.5662,0.94825,0.41718,0.56684,0.95714,-0.11819,1.3723,-0.26911,0.069947,0.79818,1.1638,1.415,1.2766,1.0156,0.56549,0.76579,0.72941,0.97916,0.88032,0.98909,0.11408,0.7762,0.65255,1.0113,0.69313,1.2327,0.32356,0.66016,0.78225,0.49539,0.81457,1.5433,1.0552,1.9131,1.7785,1.7693,2.6536
0.13462,0.84852,0.93822,1.4042,1.05,0.65057,0.78371,0.68895,0.91056,0.80991,0.87541,1.2121,0.90279,1.2119,1.3913,0.89635,0.49143,1.3152,0.24754,-0.5446,-0.0098448,-0.13409,-0.096724,-0.50071,-0.1791,-0.75584,-0.58476,-0.6644,-0.71881,-0.42563,-0.39247,-1.0357,-1.3152,-1.0796,-0.7598,-0.3251,-0.53429,-0.65891,-0.8587,-0.54579,-0.60621,-0.56257,-0.22386,-0.64139,-0.49211,-0.85846,-0.71966,-1.138,-0.13265,-0.016194,-0.52487,-0.27791,-0.46249,-0.42206,-0.66264,-1.1659,-0.86939,-1.1547,-0.67515,-1.4284,-1.1451,-1.2366,-1.0272,-0.6863,-0.76484,-0.64576,-0.47971
-1.1331,-1.3034,-0.79685,-1.0559,-0.091376,0.45407,1.5027,2.2976,2.2432,3.2102,3.1843,2.5066,3.2648,3.5098,3.461,3.0844,2.273,2.4986,2.2608,1.2478,1.9783,1.3909,1.3874,0.71868,0.80755,1.1758,0.74091,0.46287,0.27404,0.47607,0.40678,-0.018423,-0.44363,-0.64013,0.65587,0.13617,-0.38353,-0.071669,0.013804,0.44415,0.93283,2.0549,0.46404,0.75787,1.0594,1.3609,0.90034,0.91811,1.5462,0.29939,1.3409,1.2694,1.2758,0.76045,0.83527,-0.67765,-1.0038,-1.2953,-1.6198,-0.68369,-0.5749,-2.9412,-1.3429,-3.0921,-1.0949,-0.87851,-1.1716
-1.8455,-2.3178,-1.6547,-1.7326,-0.62708,0.20474,1.1564,1.8327,1.8529,2.0233,2.2344,1.6663,1.8298,1.8625,1.2439,1.4243,1.351,1.5029,0.57139,0.052925,0.31585,0.33645,0.096267,0.20244,0.40224,0.14146,0.70887,0.15259,-0.42166,-0.42956,-0.16345,-0.24193,-0.15739,-0.66735,0.020254,-0.056742,0.31295,-0.62676,-0.59536,0.11951,-0.37406,-0.10273,-0.48002,0.20215,0.23022,0.089654,-0.04669,0.37848,0.54986,0.15353,1.1619,0.42636,0.70963,0.51014,0.44251,-0.15085,-0.54751,-0.02795,-0.75212,-0.30356,-0.65955,-1.6621,-0.6839,-1.3663,-0.5995,-0.5109,-0.75085
-0.2743,-0.2743,-0.21044,-1.912,-1.3743,-1.195,-0.44982,-1.0955,-0.66211,-0.53815,-0.52346,-0.50878,-0.85411,-1.037,-1.6888,-0.98927,-1.4337,-0.67501,-1.3904,-0.13316,-0.30183,-0.16375,-0.26847,0.59267,0.49499,0.20237,0.20237,-0.090249,0.40818,0.32832,1.1528,1.0944,1.3009,1.1024,1.2618,0.69321,0.69321,0.1246,0.38571,0.90968,1.4337,-1.4191,1.0145,0.47493,1.0603,1.2515,0.66843,0.22274,1.2998,-0.11691,1.409,1.0135,-0.99757,1.1324,0.23951,0.97443,1.7094,1.7203,1.7313,0.92471,0.11817,0.27108,-0.42756,0.44827,0.32048,0.19268,0.5503
-0.22849,0.22315,0.65954,0.69047,0.6045,0.73372,1.7102,1.8527,1.8195,1.4622,1.5858,1.3462,1.5524,1.568,1.5252,1.8797,1.7508,1.0949,1.5251,1.0322,1.1982,1.4303,1.4071,0.49388,0.12616,0.25454,0.092887,-1.0415,-1.1254,-0.42407,-1.0309,-0.74787,-1.1407,-1.1667,-1.0752,-1.3592,-1.0048,-1.8691,-1.3564,-0.93442,0.26374,0.32132,1.0364,0.93754,0.39038,-0.071245,0.46833,-0.29035,0.64749,0.52422,0.47682,0.53942,0.85428,0.81667,0.60929,-0.14033,-0.51658,-1.1615,-1.2584,-1.5269,-1.5395,-1.6571,-1.8195,-1.3443,-1.3726,-1.1033,-1.262
1.5878,1.5878,1.3488,1.5033,1.2747,1.4122,0.89243,0.21907,-0.039546,0.30593,-0.17358,0.61283,0.073981,-0.12483,-0.83357,-0.20348,-0.43145,-0.55155,-1.307,-0.54281,-0.86212,-0.88248,-1.4122,-1.1231,-0.89707,-1.8905,-0.80989,-0.89475,-0.98067,-1.5748,-0.77297,-0.37217,-0.28253,-0.19288,-0.53532,-0.53532,-0.87775,-0.60334,-0.78,-0.61558,-0.11075,0.0023963,0.36932,-0.41155,0.20983,0.03643,0.39878,0.54015,0.44116,0.15766,-0.12584,-0.48605,-0.33681,-0.41571,-0.71783,0.53319,-0.062297,-0.23722,-0.587,-1.1699,-0.6505,-0.74599,-0.46926,-0.74687,-1.0322,-0.76562,-1.2266
-0.95619,-2.596,-2.4426,-1.9623,-1.3122,-0.73041,0.26526,1.2043,1.5912,2.3835,2.251,2.1478,1.798,2.0004,1.9309,1.2076,2.7175,2.5207,2.6175,1.7347,2.0085,1.9986,1.6751,1.338,0.95922,1.1119,0.96862,0.73875,0.76689,0.99465,0.76546,0.39677,0.14575,-0.13648,0.51076,-0.43683,0.06882,-0.59681,-0.22507,0.19087,0.23684,1.2176,0.13194,0.076152,-0.17451,0.32404,0.47389,0.56553,0.3963,0.60457,0.40654,0.65678,-0.26895,0.40788,0.6057,-0.53885,-0.66912,-0.65724,-0.87259,-1.3475,-0.90338,-1.814,-1.3017,-1.116,-0.90834,-1.1242,-1.0523
1.5589,1.5589,1.6055,1.2372,1.4565,0.93228,1.775,0.66419,1.268,1.0575,0.4333,0.45014,0.9478,0.29059,0.84808,0.33904,0.7622,1.2701,0.62007,0.88482,0.7201,0.24188,0.36473,0.23909,0.65221,-0.63123,-0.16513,-0.35768,-0.55024,0.10178,-0.15804,-0.069342,0.23362,0.20199,0.20199,0.17035,-0.080225,-0.3308,-0.0033906,-0.084394,-0.42242,0.93147,1.0687,-1.0342,0.098795,-0.33123,0.58668,-0.29341,-0.098918,0.042081,0.11319,0.83911,-0.3186,0.5689,-1.0629,-0.018297,1.0263,0.77997,0.53361,-0.29702,0.47558,-2.118,0.31601,0.45836,0.22864,-0.16792,0.4482
0.95544,0.96288,1.1934,0.88146,0.94115,1.5509,1.6355,1.3027,0.7434,-0.53417,-0.97998,-0.50201,-1.0425,-1.6446,-1.2833,-0.29135,0.038133,-0.38209,0.43242,0.27208,0.38614,0.23835,0.076621,0.15501,-0.13393,-0.11676,0.28164,-0.3169,-0.17788,-0.014911,0.19871,-0.70252,-0.67695,-0.91805,-0.49551,-0.99598,-0.54216,-0.75688,-1.2188,-0.93912,-0.43574,0.041631,0.20249,-0.22242,-0.091261,-0.63216,-0.094232,0.19003,0.43,-0.29421,0.46264,0.051906,-0.31366,0.14582,-0.44566,-0.56539,-0.89686,-0.86388,-0.11386,-0.82936,-1.3027,-0.75849,-0.78688,-1.3881,-1.1024,-0.66697,-0.46791
0.65992,0.092025,-0.33827,-0.23915,0.12327,0.68839,0.33088,0.53447,0.36433,0.94812,0.29044,0.27689,0.60037,0.52929,0.44247,0.35565,-0.0069762,-0.25429,-0.50161,-0.34473,-0.46242,0.15619,0.07639,-0.74933,0.22746,-0.047118,-0.37273,0.24477,-0.23357,-0.29744,0.22619,0.71787,0.82607,0.36766,1.1444,0.55045,1.2852,0.86839,0.85445,0.60574,0.46301,2.6659,1.5882,0.51053,-0.29925,-0.29925,-1.109,-0.96251,-0.81598,0.33667,0.35961,0.01802,0.14112,0.10477,0.59147,1.0782,0.60763,0.6955,-0.24487,-0.53289,0.30419,-0.27459,0.082461,-1.2563,-0.2387,-0.28133,-0.14653
-0.96382,0.24593,0.53866,0.73258,0.9265,0.35671,1.1974,1.0134,1.7,2.6834,2.7027,2.715,2.9188,2.9715,2.5094,1.7301,0.89081,0.52274,0.52274,0.15466,-0.041464,-1.1396,0.11144,-0.66571,-0.50546,-0.66135,-1.2182,-0.88789,-0.55762,-0.2472,0.063216,-0.16551,-0.39424,0.13702,0.66828,-0.71866,-0.38566,-0.29653,-0.11413,0.13691,-0.42074,0.20529,-1.4418,-1.2805,-2.4156,0.82391,-1.8433,-1.4982,-1.1532,-0.15891,1.6838,0.61045,0.61045,-0.46286,-0.92011,-1.4478,-0.90068,-1.041,-0.50411,0.12817,-0.20345,-0.30963,-0.41582,-3.472,-0.61313,0.2939,-1.528
1.9508,1.8069,1.5194,2.0443,1.8392,1.1407,1.3838,0.99847,0.88992,0.75492,0.21822,0.44109,0.093324,-0.51231,-0.43734,-0.28192,-0.3547,-0.65726,-0.4962,-0.97603,-0.61968,-0.6427,-0.72592,-1.1081,-1.3795,-0.77772,-0.88332,-1.2832,-0.98167,-1.3233,-1.367,-0.98132,-1.0283,-0.85922,-1.0287,-0.85752,-0.4471,-1.8807,-0.7138,-0.85494,-0.96284,-1.8164,-1.1494,-1.5007,-1.3414,-1.4226,-0.91084,-1.4277,-1.5543,-1.2968,-1.6332,-1.6649,-1.2256,-1.2762,-1.3047,-1.2143,-1.5039,-1.2793,-0.62734,-1.27,-1.1966,-1.4689,-1.5028,-1.1127,-1.4671,-1.3112,-1.5776
-0.34735,-0.34735,-0.18367,0.0096734,-0.40588,-0.048033,-0.40228,-0.22211,-0.19833,0.50582,0.77109,0.94555,0.96335,1.3439,1.096,1.6427,2.1508,1.5393,1.7618,1.2511,1.0734,0.81251,1.1663,1.3203,0.88669,1.2105,0.8927,1.3112,1.0581,0.7559,1.0331,-0.207,-0.09237,-0.8234,-0.13275,-0.49182,-0.95582,-0.38775,-0.43515,0.19759,-0.37908,0.23453,-0.48265,-0.31343,-0.65444,-0.88937,0.20024,0.4244,1.5016,1.5016,1.2257,0.74601,0.90114,1.3355,0.91818,0.98271,0.93589,0.28876,0.63109,-1.3001,-1.4809,-1.6427,-1.2506,-1.0831,-0.12423,-0.25149,-0.088841
